-- phpMyAdmin SQL Dump
-- version 5.1.1
-- https://www.phpmyadmin.net/
--
-- Host: 127.0.0.1:3306
-- Tempo de geração: 24/03/2023 às 23:25
-- Versão do servidor: 10.5.12-MariaDB-cll-lve
-- Versão do PHP: 7.2.34

SET SQL_MODE = "NO_AUTO_VALUE_ON_ZERO";
START TRANSACTION;
SET time_zone = "+00:00";


/*!40101 SET @OLD_CHARACTER_SET_CLIENT=@@CHARACTER_SET_CLIENT */;
/*!40101 SET @OLD_CHARACTER_SET_RESULTS=@@CHARACTER_SET_RESULTS */;
/*!40101 SET @OLD_COLLATION_CONNECTION=@@COLLATION_CONNECTION */;
/*!40101 SET NAMES utf8mb4 */;

--
-- Banco de dados: `u723503874_territorio`
--

-- --------------------------------------------------------

--
-- Estrutura para tabela `casas`
--

CREATE TABLE `casas` (
  `casa` int(10) NOT NULL,
  `Tipo` varchar(10) COLLATE utf8_unicode_ci NOT NULL,
  `id_rua` int(10) NOT NULL,
  `id_territorio` int(10) NOT NULL,
  `status_casa` int(1) NOT NULL,
  `feito` varchar(5) COLLATE utf8_unicode_ci NOT NULL
) ENGINE=InnoDB DEFAULT CHARSET=utf8 COLLATE=utf8_unicode_ci;

--
-- Despejando dados para a tabela `casas`
--

INSERT INTO `casas` (`casa`, `Tipo`, `id_rua`, `id_territorio`, `status_casa`, `feito`) VALUES
(195, '', 1, 1, 0, '195'),
(201, '', 1, 1, 0, '201'),
(211, '', 1, 1, 0, '211'),
(1218, '', 2, 1, 0, '0'),
(1226, '', 2, 1, 0, '0'),
(1324, '', 2, 1, 0, '1324'),
(201, '', 3, 1, 0, '201'),
(219, '', 1, 1, 0, '0'),
(221, 'F', 1, 1, 0, '0'),
(223, '', 1, 1, 0, '0'),
(229, '', 1, 1, 0, '0'),
(231, '', 1, 1, 0, '0'),
(249, '', 1, 1, 0, '0'),
(263, '', 1, 1, 0, '0'),
(279, '', 1, 1, 0, '0'),
(285, '', 1, 1, 0, '0'),
(285, 'A', 1, 1, 0, '0'),
(285, 'B', 1, 1, 0, '0'),
(289, '', 1, 1, 0, '0'),
(42, '', 4, 2, 0, '0'),
(270, '', 4, 2, 0, '0'),
(284, '', 4, 2, 0, '0'),
(294, '', 4, 2, 0, '0'),
(298, '', 4, 2, 0, '0'),
(304, '', 4, 2, 0, '0'),
(308, '', 4, 2, 0, '0'),
(316, '', 4, 2, 0, '0'),
(318, '', 4, 2, 0, '0'),
(326, '', 0, 0, 0, '0'),
(340, '', 4, 2, 0, '0'),
(326, '', 4, 2, 0, '0'),
(350, '', 4, 2, 0, '0'),
(358, '', 4, 2, 0, '0'),
(364, '', 4, 2, 0, '0'),
(370, '', 4, 2, 0, '0'),
(374, '', 4, 2, 0, '0'),
(378, '', 4, 2, 0, '0'),
(386, '', 4, 2, 0, '0'),
(390, '', 4, 2, 0, '0'),
(402, '', 4, 2, 0, '0'),
(416, '', 4, 2, 0, '0'),
(137, '', 5, 2, 0, '0'),
(143, '', 5, 2, 0, '143'),
(151, '', 5, 2, 0, '0'),
(159, '', 5, 2, 0, '159'),
(165, '', 5, 2, 0, '0'),
(187, '', 5, 2, 0, '0'),
(201, '', 5, 2, 0, '201'),
(211, '', 5, 2, 0, '211'),
(216, '', 5, 2, 0, '0'),
(221, '', 5, 2, 0, '0'),
(227, '', 5, 2, 0, '0'),
(233, '', 5, 2, 0, '0'),
(243, '', 5, 2, 0, '0'),
(247, '', 5, 2, 0, '0'),
(255, '', 5, 2, 0, '0'),
(263, '', 5, 2, 0, '0'),
(279, '', 5, 2, 0, '0'),
(291, '', 5, 2, 0, '0'),
(311, '', 5, 2, 0, '0'),
(311, '', 5, 2, 0, '0'),
(147, '', 9, 3, 0, '0'),
(157, '', 9, 3, 0, '0'),
(161, '', 9, 3, 0, '0'),
(167, '', 9, 3, 0, '167'),
(172, '', 9, 3, 0, '0'),
(185, '', 9, 3, 0, '0'),
(201, '', 9, 3, 0, '201'),
(251, '', 9, 3, 0, '0'),
(265, 'Restrito', 9, 3, 0, '0'),
(267, '', 9, 3, 0, '0'),
(285, '', 9, 3, 0, '0'),
(311, '', 9, 3, 0, '0'),
(319, '', 9, 3, 0, '0'),
(225, '', 9, 3, 0, '0'),
(225, 'A', 9, 3, 0, '0'),
(233, '', 9, 3, 0, '0'),
(237, '', 9, 3, 0, '0'),
(245, '', 9, 3, 0, '0'),
(303, '', 9, 3, 0, '0'),
(0, '', 9, 3, 0, '0'),
(36, '', 4, 3, 0, '0'),
(38, '', 4, 3, 0, '0'),
(241, '', 4, 3, 0, '0'),
(247, '', 4, 3, 0, '0'),
(249, '', 4, 3, 0, '0'),
(255, '', 4, 3, 0, '0'),
(265, '', 4, 3, 0, '0'),
(283, '', 4, 3, 0, '0'),
(285, '', 4, 3, 0, '0'),
(293, '', 4, 3, 0, '0'),
(301, '', 4, 3, 0, '0'),
(303, '', 4, 3, 0, '0'),
(319, '', 4, 3, 0, '0'),
(325, '', 4, 3, 0, '0'),
(329, '', 4, 3, 0, '0'),
(333, '', 4, 3, 0, '0'),
(339, '', 4, 3, 0, '0'),
(349, '', 4, 3, 0, '0'),
(351, '', 4, 3, 0, '0'),
(359, '', 4, 3, 0, '0'),
(365, '', 4, 3, 0, '0'),
(371, '', 4, 3, 0, '0'),
(373, '', 4, 3, 0, '0'),
(373, 'A', 4, 3, 0, '0'),
(383, '', 4, 3, 0, '0'),
(387, '', 4, 3, 0, '0'),
(393, '', 4, 3, 0, '0'),
(401, '', 4, 3, 0, '0'),
(2, '', 5, 3, 0, '0'),
(3, '', 5, 3, 0, '0'),
(4, '', 5, 3, 0, '0'),
(5, '', 5, 3, 0, '0'),
(45, '', 5, 3, 0, '0'),
(47, '', 5, 3, 0, '0'),
(49, '', 5, 3, 0, '0'),
(1, '', 5, 3, 0, '0'),
(192, '', 9, 4, 0, '0'),
(196, '', 9, 4, 0, '0'),
(200, '', 9, 4, 0, '0'),
(208, '', 9, 4, 0, '0'),
(212, '', 9, 4, 0, '0'),
(228, '', 9, 4, 0, '0'),
(234, '', 9, 4, 0, '0'),
(240, '', 9, 4, 0, '0'),
(1030, '', 14, 4, 0, '0'),
(1040, '', 14, 4, 0, '0'),
(1042, '', 14, 4, 0, '0'),
(1044, '', 14, 4, 0, '0'),
(1046, '', 14, 4, 0, '0'),
(1056, '', 14, 4, 0, '0'),
(1066, '', 14, 4, 0, '0'),
(1036, '', 14, 4, 0, '0'),
(33, '', 16, 5, 0, '0'),
(41, '', 16, 5, 0, '0'),
(49, '', 16, 5, 0, '0'),
(49, 'F', 16, 5, 0, '0'),
(55, '', 16, 5, 0, '0'),
(61, '', 16, 5, 0, '0'),
(77, '', 16, 5, 0, '0'),
(87, 'Condominio', 16, 5, 0, '0'),
(97, '', 16, 5, 0, '0'),
(97, 'F', 16, 5, 0, '0'),
(99, '', 16, 5, 0, '0'),
(113, '', 16, 5, 0, '0'),
(115, '', 16, 5, 0, '0'),
(115, 'F', 16, 5, 0, '0'),
(127, '', 16, 5, 0, '0'),
(127, 'F', 16, 5, 0, '0'),
(137, '', 16, 5, 0, '0'),
(147, '', 16, 5, 0, '0'),
(147, 'F', 16, 5, 0, '0'),
(189, '', 16, 5, 0, '0'),
(189, 'F', 16, 5, 0, '0'),
(47, '', 16, 5, 0, '0'),
(575, 'Condominio', 18, 5, 0, '0'),
(585, '', 18, 5, 0, '0'),
(595, '', 18, 5, 0, '0'),
(633, '', 18, 5, 0, '0'),
(645, '', 18, 5, 0, '0'),
(650, '', 18, 5, 0, '0'),
(655, '', 18, 5, 0, '0'),
(663, 'Condominio', 18, 5, 0, '0'),
(204, '', 19, 5, 0, '0'),
(212, '', 19, 5, 0, '0'),
(216, '', 19, 5, 0, '0'),
(220, '', 19, 5, 0, '0'),
(230, '', 19, 5, 0, '0'),
(242, '', 19, 5, 0, '0'),
(242, 'F', 19, 5, 0, '0'),
(248, '', 19, 5, 0, '0'),
(248, 'F', 19, 5, 0, '0'),
(254, '', 19, 5, 0, '0'),
(262, '', 19, 5, 0, '0'),
(272, '', 19, 5, 0, '0'),
(298, '', 19, 5, 0, '0'),
(302, '', 19, 5, 0, '0'),
(318, '', 19, 5, 0, '0'),
(330, '', 19, 5, 0, '0'),
(11, '', 21, 5, 0, '0'),
(11, '', 20, 5, 0, '0'),
(21, '', 20, 5, 0, '0'),
(22, '', 20, 5, 0, '0'),
(25, 'Condominio', 20, 5, 0, '0'),
(29, '', 20, 5, 0, '0'),
(34, '', 20, 5, 0, '0'),
(37, '', 20, 5, 0, '0'),
(42, '', 20, 5, 0, '0'),
(43, '', 20, 5, 0, '0'),
(48, '', 20, 5, 0, '0'),
(51, '', 20, 5, 0, '0'),
(58, '', 20, 5, 0, '0'),
(58, 'F', 20, 5, 0, '0'),
(59, '', 20, 5, 0, '0'),
(65, '', 20, 5, 0, '0'),
(67, 'Condominio', 20, 5, 0, '0'),
(68, 'Condominio', 20, 5, 0, '0'),
(77, 'Condominio', 20, 5, 0, '0'),
(77, 'A', 20, 5, 0, '0'),
(78, '', 20, 5, 0, '0'),
(89, '', 20, 5, 0, '0'),
(89, 'A', 20, 5, 0, '0'),
(97, '', 20, 5, 0, '0'),
(98, '', 20, 5, 0, '0'),
(100, 'Condominio', 20, 5, 0, '0'),
(105, '', 20, 5, 0, '0'),
(108, '', 20, 5, 0, '0'),
(114, '', 20, 5, 0, '0'),
(118, '', 20, 5, 0, '0'),
(119, 'A', 20, 5, 0, '0'),
(126, '', 20, 5, 0, '0'),
(129, '', 20, 5, 0, '0'),
(137, '', 20, 5, 0, '0'),
(140, 'A', 20, 5, 0, '0'),
(148, '', 20, 5, 0, '0'),
(148, 'F', 20, 5, 0, '0'),
(149, '', 20, 5, 0, '0'),
(155, '', 20, 5, 0, '0'),
(119, '', 20, 5, 0, '0'),
(5, '', 22, 6, 0, '0'),
(9, '', 22, 6, 0, '0'),
(21, '', 22, 6, 0, '0'),
(25, '', 22, 6, 0, '0'),
(33, '', 22, 6, 0, '0'),
(45, '', 22, 6, 0, '0'),
(61, '', 22, 6, 0, '0'),
(65, '', 22, 6, 0, '0'),
(71, '', 22, 6, 0, '0'),
(75, '', 22, 6, 0, '0'),
(111, '', 22, 6, 0, '0'),
(113, '', 22, 6, 0, '0'),
(161, '', 22, 6, 0, '0'),
(20, '', 23, 6, 0, '0'),
(28, '', 23, 6, 0, '0'),
(36, '', 23, 6, 0, '0'),
(48, '', 23, 6, 0, '0'),
(50, '', 23, 6, 0, '0'),
(62, '', 23, 6, 0, '0'),
(1060, '', 14, 6, 0, '0'),
(1084, '', 14, 6, 0, '0'),
(1088, '', 14, 6, 0, '0'),
(1090, '', 14, 6, 0, '0'),
(1096, '', 14, 6, 0, '0'),
(1100, '', 14, 6, 0, '0'),
(1104, '', 14, 6, 0, '0'),
(1190, '', 14, 6, 0, '0'),
(19, '', 9, 6, 0, '0'),
(78, '', 9, 6, 0, '0'),
(110, '', 9, 6, 0, '0'),
(186, '', 9, 6, 0, '0'),
(216, '', 9, 6, 0, '0'),
(27, '', 22, 7, 0, '0'),
(213, '', 22, 7, 0, '0'),
(217, '', 22, 7, 0, '0'),
(223, '', 22, 7, 0, '0'),
(227, '', 22, 7, 0, '0'),
(229, '', 22, 7, 0, '0'),
(233, '', 22, 7, 0, '0'),
(239, '', 22, 7, 0, '0'),
(255, '', 22, 7, 0, '0'),
(263, '', 22, 7, 0, '0'),
(267, '', 22, 7, 0, '0'),
(307, '', 22, 7, 0, '0'),
(311, '', 22, 7, 0, '0'),
(315, 'Predio', 22, 7, 0, '0'),
(329, '', 22, 7, 0, '0'),
(0, '', 22, 7, 0, '0'),
(243, '', 22, 7, 0, '0'),
(19, '', 23, 7, 0, '0'),
(27, '', 23, 7, 0, '0'),
(31, '', 23, 7, 0, '0'),
(41, '', 23, 7, 0, '0'),
(47, '', 23, 7, 0, '0'),
(55, '', 23, 7, 0, '0'),
(61, '', 23, 7, 0, '0'),
(1356, '', 14, 7, 0, '0'),
(1358, '', 14, 7, 0, '0'),
(1364, '', 14, 7, 0, '0'),
(1370, '', 14, 7, 0, '0'),
(1374, '', 14, 7, 0, '0'),
(1452, 'C1', 14, 7, 0, '0'),
(1452, 'C2', 14, 7, 0, '0'),
(1484, '', 14, 7, 0, '0'),
(1490, '', 14, 7, 0, '0'),
(1492, '', 14, 7, 0, '0'),
(1500, '', 14, 7, 0, '0'),
(1522, '', 14, 7, 0, '0'),
(1524, '', 14, 7, 0, '0'),
(1530, '', 14, 7, 0, '0'),
(1534, '', 14, 7, 0, '0'),
(1540, '', 14, 7, 0, '0'),
(0, '', 14, 7, 0, '0'),
(42, '', 22, 8, 0, '0'),
(44, '', 22, 8, 0, '0'),
(46, '', 22, 8, 0, '0'),
(82, 'Predio', 22, 8, 0, '0'),
(150, '', 22, 8, 0, '0'),
(158, '', 22, 8, 0, '0'),
(160, '', 22, 8, 0, '0'),
(168, '', 22, 8, 0, '0'),
(190, '', 22, 8, 0, '0'),
(196, '', 22, 8, 0, '0'),
(210, '', 22, 8, 0, '0'),
(198, '', 22, 8, 0, '0'),
(17, '', 24, 8, 0, '0'),
(21, '', 24, 8, 0, '0'),
(35, '', 24, 8, 0, '0'),
(47, 'Restrito', 24, 8, 0, '0'),
(53, '', 24, 8, 0, '0'),
(63, '', 24, 8, 0, '63'),
(75, '', 24, 8, 0, '0'),
(79, '', 24, 8, 0, '0'),
(81, '', 24, 8, 0, '0'),
(93, '', 24, 8, 0, '0'),
(97, '', 24, 8, 0, '0'),
(103, '', 24, 8, 0, '0'),
(109, '', 24, 8, 0, '0'),
(119, '', 24, 8, 0, '0'),
(30, '', 9, 8, 0, '0'),
(40, '', 9, 8, 0, '0'),
(46, '', 9, 8, 0, '0'),
(6, '', 25, 8, 0, '0'),
(12, '', 25, 8, 0, '0'),
(18, '', 25, 8, 0, '0'),
(42, '', 25, 8, 0, '0'),
(82, '', 25, 8, 0, '0'),
(129, '', 24, 9, 0, '0'),
(132, '', 24, 9, 0, '0'),
(133, '', 24, 9, 0, '0'),
(141, '', 24, 9, 0, '0'),
(155, '', 24, 9, 0, '0'),
(175, '', 24, 9, 0, '175'),
(195, '', 24, 9, 0, '195'),
(203, '', 24, 9, 0, '0'),
(213, '', 24, 9, 0, '0'),
(225, '', 24, 9, 0, '0'),
(231, '', 24, 9, 0, '0'),
(253, '', 24, 9, 0, '0'),
(255, '', 24, 9, 0, '0'),
(261, '', 24, 9, 0, '0'),
(267, '', 24, 9, 0, '0'),
(275, '', 24, 9, 0, '0'),
(277, '', 24, 9, 0, '0'),
(283, '', 24, 9, 0, '0'),
(218, '', 22, 9, 0, '0'),
(230, '', 22, 9, 0, '0'),
(240, '', 22, 9, 0, '0'),
(248, '', 22, 9, 0, '0'),
(256, '', 22, 9, 0, '0'),
(270, '', 22, 9, 0, '0'),
(284, '', 22, 9, 0, '0'),
(308, '', 22, 9, 0, '0'),
(310, '', 22, 9, 0, '0'),
(312, '', 22, 9, 0, '0'),
(318, '', 22, 9, 0, '0'),
(322, '', 22, 9, 0, '0'),
(332, '', 22, 9, 0, '0'),
(53, '', 26, 10, 0, '0'),
(63, '', 26, 10, 0, '63'),
(75, '', 26, 10, 0, '0'),
(83, '', 26, 10, 0, '0'),
(91, '', 26, 10, 0, '0'),
(95, '', 26, 10, 0, '0'),
(105, '', 26, 10, 0, '0'),
(113, '', 26, 10, 0, '0'),
(117, '', 26, 10, 0, '117'),
(123, '', 26, 10, 0, '0'),
(133, '', 26, 10, 0, '0'),
(135, '', 26, 10, 0, '0'),
(141, '', 26, 10, 0, '0'),
(143, '', 26, 10, 0, '143'),
(149, '', 26, 10, 0, '0'),
(151, '', 26, 10, 0, '0'),
(157, '', 26, 10, 0, '0'),
(159, '', 26, 10, 0, '159'),
(165, '', 26, 10, 0, '0'),
(167, '', 26, 10, 0, '167'),
(173, '', 26, 10, 0, '0'),
(175, '', 26, 10, 0, '175'),
(11, '', 27, 10, 0, '0'),
(13, '', 27, 10, 0, '0'),
(15, '', 27, 10, 0, '0'),
(16, '', 27, 10, 0, '0'),
(23, '', 27, 10, 0, '0'),
(26, '', 27, 10, 0, '0'),
(46, 'Restrito', 27, 10, 0, '0'),
(52, '', 27, 10, 0, '0'),
(86, '', 27, 10, 0, '0'),
(90, '', 27, 10, 0, '0'),
(500, '', 27, 10, 0, '0'),
(40, '', 24, 10, 0, '0'),
(86, '', 24, 10, 0, '0'),
(92, '', 24, 10, 0, '92'),
(98, '', 24, 10, 0, '0'),
(120, '', 24, 10, 0, '0'),
(126, '', 24, 10, 0, '0'),
(134, '', 24, 10, 0, '0'),
(0, '', 24, 10, 0, '0'),
(9, '', 28, 11, 0, '0'),
(19, '', 28, 11, 0, '0'),
(27, '', 28, 11, 0, '0'),
(33, '', 28, 11, 0, '0'),
(37, '', 28, 11, 0, '0'),
(51, '', 28, 11, 0, '0'),
(61, 'A', 28, 11, 0, '0'),
(61, 'F', 28, 11, 0, '0'),
(67, '', 28, 11, 0, '0'),
(75, '', 28, 11, 0, '0'),
(77, 'Predio', 28, 11, 0, '0'),
(93, '', 28, 11, 0, '0'),
(101, 'Condominio', 28, 11, 0, '0'),
(111, '', 28, 11, 0, '0'),
(127, '', 28, 11, 0, '0'),
(135, '', 28, 11, 0, '0'),
(135, 'F', 28, 11, 0, '0'),
(658, '', 18, 11, 0, '0'),
(668, '', 18, 11, 0, '0'),
(674, '', 18, 11, 0, '0'),
(678, '', 18, 11, 0, '0'),
(686, '', 18, 11, 0, '0'),
(716, '', 18, 11, 0, '0'),
(17, '', 29, 11, 0, '0'),
(71, '', 29, 11, 0, '0'),
(107, '', 29, 11, 0, '0'),
(137, '', 29, 11, 0, '0'),
(139, '', 29, 11, 0, '0'),
(0, '', 29, 11, 0, '0'),
(21, '', 24, 11, 0, '0'),
(23, '', 24, 11, 0, '0'),
(178, 'Predio', 24, 11, 0, '0'),
(190, 'Predio', 24, 11, 0, '0'),
(206, 'Restrito', 24, 11, 0, '0'),
(210, '', 24, 11, 0, '0'),
(220, '', 24, 11, 0, '0'),
(234, '', 24, 11, 0, '0'),
(242, '', 24, 11, 0, '0'),
(252, 'Restrito', 24, 11, 0, '0'),
(262, '', 24, 11, 0, '0'),
(272, '', 24, 11, 0, '0'),
(282, '', 24, 11, 0, '0'),
(302, '', 24, 11, 0, '0'),
(308, '', 24, 11, 0, '0'),
(316, '', 24, 11, 0, '0'),
(320, '', 24, 11, 0, '0'),
(322, '', 24, 11, 0, '0'),
(330, '', 24, 11, 0, '0'),
(346, '', 24, 11, 0, '0'),
(348, '', 24, 11, 0, '0'),
(0, '', 24, 11, 0, '0'),
(14, '', 30, 11, 0, '0'),
(20, '', 30, 11, 0, '0'),
(22, '', 30, 11, 0, '0'),
(26, '', 30, 11, 0, '0'),
(28, '', 30, 11, 0, '0'),
(0, '', 30, 11, 0, '0'),
(11, '', 31, 11, 0, '0'),
(21, '', 31, 11, 0, '0'),
(25, '', 31, 11, 0, '0'),
(31, '', 31, 11, 0, '0'),
(35, '', 31, 11, 0, '0'),
(41, '', 31, 11, 0, '0'),
(45, '', 31, 11, 0, '0'),
(57, '', 31, 11, 0, '0'),
(57, 'F', 31, 11, 0, '0'),
(69, '', 31, 11, 0, '0'),
(71, '', 31, 11, 0, '0'),
(73, '', 31, 11, 0, '0'),
(89, '', 31, 11, 0, '0'),
(95, '', 31, 11, 0, '0'),
(107, '', 31, 11, 0, '0'),
(117, 'Condominio', 31, 11, 0, '117'),
(127, '', 31, 11, 0, '0'),
(137, '', 31, 11, 0, '0'),
(139, '', 31, 11, 0, '0'),
(145, '', 31, 11, 0, '0'),
(157, '', 31, 11, 0, '0'),
(159, '', 31, 11, 0, '159'),
(171, '', 31, 11, 0, '0'),
(197, '', 31, 11, 0, '0'),
(207, '', 31, 11, 0, '0'),
(217, '', 31, 11, 0, '0'),
(223, '', 31, 11, 0, '0'),
(223, 'F', 31, 11, 0, '0'),
(229, '', 31, 11, 0, '0'),
(229, 'F', 31, 11, 0, '0'),
(239, '', 31, 11, 0, '0'),
(251, '', 31, 11, 0, '0'),
(255, '', 31, 11, 0, '0'),
(265, '', 31, 11, 0, '0'),
(271, '', 31, 11, 0, '0'),
(271, 'A', 31, 11, 0, '0'),
(287, '', 31, 11, 0, '0'),
(297, '', 31, 11, 0, '0'),
(301, 'A', 31, 11, 0, '0'),
(311, '', 31, 11, 0, '0'),
(325, '', 31, 11, 0, '0'),
(331, '', 31, 11, 0, '0'),
(339, '', 31, 11, 0, '0'),
(345, 'Restrito', 31, 11, 0, '0'),
(357, '', 31, 11, 0, '0'),
(359, '', 31, 11, 0, '0'),
(365, '', 31, 11, 0, '0'),
(371, '', 31, 11, 0, '0'),
(383, '', 31, 11, 0, '0'),
(389, '', 31, 11, 0, '0'),
(391, '', 31, 11, 0, '0'),
(0, '', 31, 11, 0, '0'),
(1, '', 32, 12, 0, '0'),
(5, '', 32, 12, 0, '0'),
(9, '', 32, 12, 0, '0'),
(21, '', 32, 12, 0, '0'),
(23, '', 32, 12, 0, '0'),
(39, '', 32, 12, 0, '0'),
(49, '', 32, 12, 0, '0'),
(53, '', 32, 12, 0, '0'),
(57, '', 32, 12, 0, '0'),
(59, '', 32, 12, 0, '0'),
(61, '', 32, 12, 0, '0'),
(65, '', 32, 12, 0, '0'),
(71, '', 32, 12, 0, '0'),
(75, '', 32, 12, 0, '0'),
(87, '', 32, 12, 0, '0'),
(90, '', 32, 12, 0, '0'),
(93, '', 32, 12, 0, '0'),
(101, '', 32, 12, 0, '0'),
(20, '', 33, 12, 0, '0'),
(20, 'A', 33, 12, 0, '0'),
(26, '', 33, 12, 0, '0'),
(26, 'F', 33, 12, 0, '0'),
(34, '', 33, 12, 0, '0'),
(38, '', 33, 12, 0, '0'),
(42, '', 33, 12, 0, '0'),
(42, 'F', 33, 12, 0, '0'),
(54, '', 33, 12, 0, '0'),
(60, '', 33, 12, 0, '0'),
(70, '', 33, 12, 0, '0'),
(82, '', 33, 12, 0, '0'),
(86, '', 33, 12, 0, '0'),
(90, '', 33, 12, 0, '0'),
(92, '', 33, 12, 0, '92'),
(96, '', 33, 12, 0, '0'),
(100, '', 33, 12, 0, '0'),
(106, '', 33, 12, 0, '0'),
(118, '', 33, 12, 0, '0'),
(108, 'Restrito', 31, 12, 0, '0'),
(110, '', 31, 12, 0, '0'),
(160, '', 31, 12, 0, '0'),
(164, '', 31, 12, 0, '0'),
(172, '', 31, 12, 0, '0'),
(176, '', 31, 12, 0, '0'),
(178, '', 31, 12, 0, '0'),
(190, '', 31, 12, 0, '0'),
(196, '', 31, 12, 0, '0'),
(200, '', 31, 12, 0, '0'),
(212, '', 31, 12, 0, '0'),
(212, 'F', 31, 12, 0, '0'),
(222, '', 31, 12, 0, '0'),
(222, 'F', 31, 12, 0, '0'),
(232, '', 31, 12, 0, '0'),
(242, '', 31, 12, 0, '0'),
(250, '', 31, 12, 0, '0'),
(260, '', 31, 12, 0, '0'),
(272, '', 31, 12, 0, '0'),
(276, '', 31, 12, 0, '0'),
(280, 'Restrito', 31, 12, 0, '0'),
(288, '', 31, 12, 0, '0'),
(71, '', 34, 12, 0, '0'),
(81, '', 34, 12, 0, '0'),
(93, '', 34, 12, 0, '0'),
(111, '', 34, 12, 0, '0'),
(113, '', 34, 12, 0, '0'),
(115, '', 34, 12, 0, '0'),
(117, '', 34, 12, 0, '117'),
(119, 'A', 34, 12, 0, '0'),
(119, 'B', 34, 12, 0, '0'),
(131, '', 34, 12, 0, '0'),
(143, '', 34, 12, 0, '143'),
(159, '', 34, 12, 0, '159'),
(167, '', 34, 12, 0, '167'),
(169, '', 34, 12, 0, '0'),
(171, '', 34, 12, 0, '0'),
(177, '', 34, 12, 0, '0'),
(177, 'A', 34, 12, 0, '0'),
(189, '', 34, 12, 0, '0'),
(209, '', 34, 12, 0, '0'),
(211, 'F', 34, 12, 0, '211'),
(221, 'F', 34, 12, 0, '0'),
(221, 'A', 34, 12, 0, '0'),
(221, '', 34, 12, 0, '0'),
(241, 'Predio', 34, 12, 0, '0'),
(257, '', 34, 12, 0, '0'),
(257, 'F', 34, 12, 0, '0'),
(263, '', 34, 12, 0, '0'),
(265, '', 34, 12, 0, '0'),
(269, '', 34, 12, 0, '0'),
(0, '', 34, 12, 0, '0'),
(194, '', 34, 12, 0, '0'),
(169, '', 34, 12, 0, '0'),
(56, '', 32, 13, 0, '0'),
(68, '', 32, 13, 0, '0'),
(72, '', 32, 13, 0, '0'),
(78, '', 32, 13, 0, '0'),
(88, 'A', 32, 13, 0, '0'),
(88, 'B', 32, 13, 0, '0'),
(88, 'C', 32, 13, 0, '0'),
(88, 'D', 32, 13, 0, '0'),
(94, '', 32, 13, 0, '0'),
(94, 'F', 32, 13, 0, '0'),
(102, '', 32, 13, 0, '0'),
(108, '', 32, 13, 0, '0'),
(116, '', 32, 13, 0, '0'),
(118, '', 32, 13, 0, '0'),
(311, '', 34, 13, 0, '0'),
(323, '', 34, 13, 0, '0'),
(337, '', 34, 13, 0, '0'),
(341, '', 34, 13, 0, '0'),
(341, 'F', 34, 13, 0, '0'),
(357, 'Cortiço', 34, 13, 0, '0'),
(369, '', 34, 13, 0, '0'),
(371, '', 34, 13, 0, '0'),
(379, '', 34, 13, 0, '0'),
(389, '', 34, 13, 0, '0'),
(391, '', 34, 13, 0, '0'),
(395, '', 34, 13, 0, '0'),
(405, '', 34, 13, 0, '0'),
(407, '', 34, 13, 0, '0'),
(411, '', 34, 13, 0, '0'),
(411, 'F', 34, 13, 0, '0'),
(425, '', 34, 13, 0, '0'),
(431, '', 34, 13, 0, '0'),
(431, 'B', 34, 13, 0, '0'),
(449, '', 34, 13, 0, '0'),
(459, '', 34, 13, 0, '0'),
(204, '', 35, 13, 0, '0'),
(212, '', 35, 13, 0, '0'),
(218, '', 35, 13, 0, '0'),
(228, '', 35, 13, 0, '0'),
(238, '', 35, 13, 0, '0'),
(240, '', 35, 13, 0, '0'),
(254, '', 35, 13, 0, '0'),
(256, '', 35, 13, 0, '0'),
(268, '', 35, 13, 0, '0'),
(172, '', 33, 13, 0, '0'),
(180, 'F', 33, 13, 0, '0'),
(180, '', 33, 13, 0, '0'),
(194, '', 33, 13, 0, '0'),
(204, 'F Restrito', 33, 13, 0, '0'),
(204, '', 33, 13, 0, '0'),
(216, '', 33, 13, 0, '0'),
(224, '', 33, 13, 0, '0'),
(234, 'F', 33, 13, 0, '0'),
(234, '', 33, 13, 0, '0'),
(244, '', 33, 13, 0, '0'),
(256, 'F', 33, 13, 0, '0'),
(256, '', 33, 13, 0, '0'),
(264, 'F', 33, 13, 0, '0'),
(264, '', 33, 13, 0, '0'),
(278, '', 33, 13, 0, '0'),
(234, '', 36, 14, 0, '0'),
(252, '', 36, 14, 0, '0'),
(252, 'B', 36, 14, 0, '0'),
(262, '', 36, 14, 0, '0'),
(274, '', 36, 14, 0, '0'),
(276, '', 36, 14, 0, '0'),
(282, '', 36, 14, 0, '0'),
(298, '', 36, 14, 0, '0'),
(308, '', 36, 14, 0, '0'),
(310, '', 36, 14, 0, '0'),
(314, '', 36, 14, 0, '0'),
(322, '', 36, 14, 0, '0'),
(326, '', 36, 14, 0, '0'),
(328, '', 36, 14, 0, '0'),
(294, '', 33, 14, 0, '0'),
(300, '', 33, 14, 0, '0'),
(312, '', 33, 14, 0, '0'),
(316, '', 33, 14, 0, '0'),
(318, '', 33, 14, 0, '0'),
(322, 'F', 33, 14, 0, '0'),
(324, '', 33, 14, 0, '0'),
(326, '', 33, 14, 0, '0'),
(334, '', 33, 14, 0, '0'),
(338, '', 33, 14, 0, '0'),
(346, 'Condominio', 33, 14, 0, '0'),
(358, '', 33, 14, 0, '0'),
(485, '', 34, 14, 0, '0'),
(495, '', 34, 14, 0, '0'),
(503, '', 34, 14, 0, '0'),
(513, '', 34, 14, 0, '0'),
(519, '', 34, 14, 0, '0'),
(523, '', 34, 14, 0, '0'),
(529, '', 34, 14, 0, '0'),
(553, '', 34, 14, 0, '0'),
(555, '', 34, 14, 0, '0'),
(561, '', 34, 14, 0, '0'),
(563, '', 34, 14, 0, '0'),
(575, '', 34, 14, 0, '0'),
(579, '', 34, 14, 0, '0'),
(585, '', 34, 14, 0, '0'),
(589, '', 34, 14, 0, '0'),
(595, '', 34, 14, 0, '0'),
(0, '', 34, 14, 0, '0'),
(207, '', 35, 14, 0, '0'),
(221, '', 35, 14, 0, '0'),
(233, '', 35, 14, 0, '0'),
(239, '', 35, 14, 0, '0'),
(241, '', 35, 14, 0, '0'),
(251, 'A', 35, 14, 0, '0'),
(251, 'B', 35, 14, 0, '0'),
(251, 'C', 35, 14, 0, '0'),
(263, '', 35, 14, 0, '0'),
(263, 'F', 35, 14, 0, '0'),
(139, 'B', 35, 15, 0, '0'),
(149, '', 35, 15, 0, '0'),
(157, '', 35, 15, 0, '0'),
(167, 'B Cortiço', 35, 15, 0, '167'),
(187, '', 35, 15, 0, '0'),
(294, '', 32, 15, 0, '0'),
(298, '', 32, 15, 0, '0'),
(310, '', 32, 15, 0, '0'),
(320, '', 32, 15, 0, '0'),
(330, '', 32, 15, 0, '0'),
(188, '', 36, 15, 0, '0'),
(192, '', 36, 15, 0, '0'),
(202, '', 36, 15, 0, '0'),
(206, '', 36, 15, 0, '0'),
(208, '', 36, 15, 0, '0'),
(220, '', 36, 15, 0, '0'),
(287, '', 33, 15, 0, '0'),
(291, '', 33, 15, 0, '0'),
(297, '', 33, 15, 0, '0'),
(311, '', 33, 15, 0, '0'),
(317, '', 33, 15, 0, '0'),
(329, '', 33, 15, 0, '0'),
(333, '', 33, 15, 0, '0'),
(333, 'C2', 33, 15, 0, '0'),
(371, '', 33, 15, 0, '0'),
(195, '', 33, 16, 0, '195'),
(203, '', 33, 16, 0, '0'),
(205, '', 33, 16, 0, '0'),
(219, '', 33, 16, 0, '219'),
(227, '', 33, 16, 0, '0'),
(237, '', 33, 16, 0, '0'),
(249, '', 33, 16, 0, '0'),
(257, '', 33, 16, 0, '0'),
(265, '', 33, 16, 0, '0'),
(269, '', 33, 16, 0, '0'),
(118, '', 35, 16, 0, '0'),
(130, '', 35, 16, 0, '0'),
(140, '', 35, 16, 0, '0'),
(150, '', 35, 16, 0, '0'),
(152, '', 35, 16, 0, '0'),
(156, '', 35, 16, 0, '0'),
(192, '', 32, 16, 0, '0'),
(192, 'B', 32, 16, 0, '0'),
(202, 'A', 32, 16, 0, '0'),
(204, '', 32, 16, 0, '0'),
(224, '', 32, 16, 0, '0'),
(228, '', 32, 16, 0, '0'),
(234, '', 32, 16, 0, '0'),
(246, 'A', 32, 16, 0, '0'),
(246, '', 32, 16, 0, '0'),
(258, '', 32, 16, 0, '0'),
(266, '', 32, 16, 0, '0'),
(39, '', 33, 17, 0, '0'),
(43, '', 33, 17, 0, '0'),
(49, '', 33, 17, 0, '0'),
(67, '', 33, 17, 0, '0'),
(83, '', 33, 17, 0, '0'),
(85, '', 33, 17, 0, '0'),
(95, 'Restrito', 33, 17, 0, '0'),
(117, 'Restrito', 33, 17, 0, '117'),
(123, '', 33, 17, 0, '0'),
(129, '', 33, 17, 0, '0'),
(137, '', 33, 17, 0, '0'),
(151, '', 33, 17, 0, '0'),
(155, '', 33, 17, 0, '0'),
(334, '', 31, 17, 0, '0'),
(342, '', 31, 17, 0, '0'),
(352, 'E', 31, 17, 0, '0'),
(366, '', 31, 17, 0, '0'),
(374, '', 31, 17, 0, '0'),
(382, 'B', 31, 17, 0, '0'),
(406, '', 31, 17, 0, '0'),
(420, '', 31, 17, 0, '0'),
(430, '', 31, 17, 0, '0'),
(438, '', 31, 17, 0, '0'),
(450, '', 31, 17, 0, '0'),
(454, '', 31, 17, 0, '0'),
(458, 'Restrito', 31, 17, 0, '0'),
(62, '', 30, 17, 0, '0'),
(68, '', 30, 17, 0, '0'),
(79, '', 30, 17, 0, '0'),
(82, '', 30, 17, 0, '0'),
(88, '', 30, 17, 0, '0'),
(89, '', 30, 17, 0, '0'),
(90, '', 30, 17, 0, '0'),
(93, '', 30, 17, 0, '0'),
(94, '', 30, 17, 0, '0'),
(6, '', 37, 17, 0, '0'),
(8, '', 37, 17, 0, '0'),
(84, '', 37, 17, 0, '0'),
(92, 'Restrito', 37, 17, 0, '92'),
(98, '', 37, 17, 0, '0'),
(104, '', 37, 17, 0, '0'),
(116, '', 37, 17, 0, '0'),
(139, '', 32, 17, 0, '0'),
(143, '', 32, 17, 0, '143'),
(147, '', 32, 17, 0, '0'),
(161, '', 32, 17, 0, '0'),
(169, '', 32, 17, 0, '0'),
(366, '', 31, 18, 0, '0'),
(403, '', 31, 18, 0, '0'),
(423, '', 31, 18, 0, '0'),
(431, '', 31, 18, 0, '0'),
(431, 'F', 31, 18, 0, '0'),
(439, 'Restrito', 31, 18, 0, '0'),
(449, '', 31, 18, 0, '0'),
(461, '', 31, 18, 0, '0'),
(16, '', 37, 18, 0, '0'),
(24, 'Restrito', 37, 18, 0, '0'),
(1, '', 38, 18, 0, '0'),
(32, '', 38, 18, 0, '0'),
(40, '', 38, 18, 0, '0'),
(48, '', 38, 18, 0, '0'),
(56, '', 38, 18, 0, '0'),
(309, '', 38, 18, 0, '0'),
(0, '', 38, 18, 0, '0'),
(7, '', 30, 18, 0, '0'),
(23, '', 30, 18, 0, '0'),
(33, '', 30, 18, 0, '0'),
(68, '', 30, 18, 0, '0'),
(17, '', 39, 19, 0, '0'),
(20, '', 39, 19, 0, '0'),
(27, '', 39, 19, 0, '0'),
(30, '', 39, 19, 0, '0'),
(38, '', 39, 19, 0, '0'),
(43, '', 39, 19, 0, '0'),
(47, 'A', 39, 19, 0, '0'),
(47, '', 39, 19, 0, '0'),
(48, '', 39, 19, 0, '0'),
(58, '', 39, 19, 0, '0'),
(61, '', 39, 19, 0, '0'),
(63, '', 39, 19, 0, '63'),
(65, '', 39, 19, 0, '0'),
(65, 'A', 39, 19, 0, '0'),
(68, '', 39, 19, 0, '0'),
(78, '', 39, 19, 0, '0'),
(87, '', 39, 19, 0, '0'),
(90, '', 39, 19, 0, '0'),
(94, '', 39, 19, 0, '0'),
(98, '', 39, 19, 0, '0'),
(101, '', 39, 19, 0, '0'),
(106, '', 39, 19, 0, '0'),
(107, '', 39, 19, 0, '0'),
(18, '', 38, 19, 0, '0'),
(142, '', 38, 19, 0, '0'),
(160, '', 38, 19, 0, '0'),
(178, '', 38, 19, 0, '0'),
(196, '', 38, 19, 0, '0'),
(30, 'Restrito', 40, 19, 0, '0'),
(36, 'Restrito', 40, 19, 0, '0'),
(42, '', 40, 19, 0, '0'),
(50, '', 40, 19, 0, '0'),
(64, '', 40, 19, 0, '0'),
(72, '', 40, 19, 0, '0'),
(76, '', 40, 19, 0, '0'),
(33, 'Restrito', 37, 19, 0, '0'),
(39, '', 37, 19, 0, '0'),
(51, '', 37, 19, 0, '0'),
(55, '', 37, 19, 0, '0'),
(65, '', 37, 19, 0, '0'),
(67, '', 37, 19, 0, '0'),
(77, '', 37, 19, 0, '0'),
(19, '', 41, 19, 0, '0'),
(31, '', 41, 19, 0, '0'),
(39, '', 41, 19, 0, '0'),
(49, '', 41, 19, 0, '0'),
(57, '', 41, 19, 0, '0'),
(67, '', 41, 19, 0, '0'),
(79, '', 41, 19, 0, '0'),
(81, '', 41, 19, 0, '0'),
(89, '', 41, 19, 0, '0'),
(97, '', 41, 19, 0, '0'),
(101, '', 41, 19, 0, '0'),
(111, '', 41, 19, 0, '0'),
(18, '', 41, 20, 0, '0'),
(30, '', 41, 20, 0, '0'),
(30, 'A', 41, 20, 0, '0'),
(42, '', 41, 20, 0, '0'),
(50, '', 41, 20, 0, '0'),
(50, 'A', 41, 20, 0, '0'),
(60, 'Restrito', 41, 20, 0, '0'),
(70, '', 41, 20, 0, '0'),
(76, '', 41, 20, 0, '0'),
(76, 'F', 41, 20, 0, '0'),
(80, '', 41, 20, 0, '0'),
(90, '', 41, 20, 0, '0'),
(90, 'A', 41, 20, 0, '0'),
(102, '', 41, 20, 0, '0'),
(108, '', 41, 20, 0, '0'),
(110, '', 41, 20, 0, '0'),
(112, '', 41, 20, 0, '0'),
(80, '', 40, 20, 0, '0'),
(86, '', 40, 20, 0, '0'),
(88, '', 40, 20, 0, '0'),
(102, '', 40, 20, 0, '0'),
(104, '', 40, 20, 0, '0'),
(108, '', 40, 20, 0, '0'),
(26, '', 35, 20, 0, '0'),
(28, '', 35, 20, 0, '0'),
(30, '', 35, 20, 0, '0'),
(46, '', 35, 20, 0, '0'),
(46, 'A', 35, 20, 0, '0'),
(56, '', 35, 20, 0, '0'),
(66, '', 35, 20, 0, '0'),
(68, '', 35, 20, 0, '0'),
(70, 'A', 35, 20, 0, '0'),
(72, '', 35, 20, 0, '0'),
(0, '', 35, 20, 0, '0'),
(1, '', 42, 20, 0, '0'),
(2, '', 42, 20, 0, '0'),
(3, '', 42, 20, 0, '0'),
(4, '', 42, 20, 0, '0'),
(5, '', 42, 20, 0, '0'),
(6, '', 42, 20, 0, '0'),
(191, '', 32, 20, 0, '0'),
(191, 'A', 32, 20, 0, '0'),
(199, '', 32, 20, 0, '0'),
(203, '', 32, 20, 0, '0'),
(211, '', 32, 20, 0, '211'),
(219, '', 32, 20, 0, '219'),
(219, 'F', 32, 20, 0, '219'),
(229, '', 32, 20, 0, '0'),
(237, '', 32, 20, 0, '0'),
(251, '', 32, 20, 0, '0'),
(265, '', 32, 20, 0, '0'),
(0, '', 32, 20, 0, '0'),
(13, 'Restrito', 37, 20, 0, '0'),
(119, 'Restrito', 37, 20, 0, '0'),
(121, '', 37, 20, 0, '0'),
(0, '', 37, 20, 0, '0'),
(39, '', 35, 21, 0, '0'),
(45, '', 35, 21, 0, '0'),
(59, '', 35, 21, 0, '0'),
(67, '', 35, 21, 0, '0'),
(81, '', 35, 21, 0, '0'),
(95, '', 35, 21, 0, '0'),
(95, 'A', 35, 21, 0, '0'),
(134, '', 40, 21, 0, '0'),
(140, '', 40, 21, 0, '0'),
(146, '', 40, 21, 0, '0'),
(172, '', 40, 21, 0, '0'),
(176, '', 40, 21, 0, '0'),
(192, '', 40, 21, 0, '0'),
(194, '', 40, 21, 0, '0'),
(204, '', 40, 21, 0, '0'),
(216, '', 40, 21, 0, '0'),
(226, '', 40, 21, 0, '0'),
(228, '', 40, 21, 0, '0'),
(232, '', 40, 21, 0, '0'),
(238, '', 40, 21, 0, '0'),
(240, '', 40, 21, 0, '0'),
(30, '', 36, 21, 0, '0'),
(38, '', 36, 21, 0, '0'),
(52, '', 36, 21, 0, '0'),
(58, '', 36, 21, 0, '0'),
(64, '', 36, 21, 0, '0'),
(70, '', 36, 21, 0, '0'),
(84, '', 36, 21, 0, '0'),
(92, '', 36, 21, 0, '92'),
(94, '', 36, 21, 0, '0'),
(104, '', 36, 21, 0, '0'),
(112, '', 36, 21, 0, '0'),
(128, '', 36, 21, 0, '0'),
(301, '', 32, 21, 0, '0'),
(303, 'Cortiço', 32, 21, 0, '0'),
(309, 'Cortiço', 32, 21, 0, '0'),
(311, 'Cortiço', 32, 21, 0, '0'),
(325, '', 32, 21, 0, '0'),
(329, '', 32, 21, 0, '0'),
(337, '', 32, 21, 0, '0'),
(349, '', 32, 21, 0, '0'),
(361, '', 32, 21, 0, '0'),
(683, 'Predio', 43, 22, 0, '0'),
(685, 'Predio', 43, 22, 0, '0'),
(687, 'A Predio', 43, 22, 0, '0'),
(687, 'B Predio', 43, 22, 0, '0'),
(755, '', 43, 22, 0, '0'),
(757, '', 43, 22, 0, '0'),
(817, '', 43, 22, 0, '0'),
(863, 'Predio', 43, 22, 0, '0'),
(873, 'Cortiço', 43, 22, 0, '0'),
(885, 'Cortiço', 43, 22, 0, '0'),
(921, '', 43, 22, 0, '0'),
(921, 'B', 43, 22, 0, '0'),
(949, '', 43, 22, 0, '0'),
(951, '', 43, 22, 0, '0'),
(963, '', 43, 22, 0, '0'),
(981, 'Predio', 43, 22, 0, '0'),
(195, '', 40, 22, 0, '195'),
(288, '', 40, 22, 0, '0'),
(296, '', 40, 22, 0, '0'),
(300, '', 40, 22, 0, '0'),
(304, '', 40, 22, 0, '0'),
(306, '', 40, 22, 0, '0'),
(314, '', 40, 22, 0, '0'),
(320, '', 40, 22, 0, '0'),
(322, '', 40, 22, 0, '0'),
(326, '', 40, 22, 0, '0'),
(336, '', 40, 22, 0, '0'),
(342, '', 40, 22, 0, '0'),
(350, '', 40, 22, 0, '0'),
(356, '', 40, 22, 0, '0'),
(366, '', 40, 22, 0, '0'),
(376, '', 40, 22, 0, '0'),
(378, 'Prédio', 40, 22, 0, '0'),
(400, '', 40, 22, 0, '0'),
(410, '', 40, 22, 0, '0'),
(422, '', 40, 22, 0, '0'),
(428, '', 40, 22, 0, '0'),
(434, '', 40, 22, 0, '0'),
(446, '', 40, 22, 0, '0'),
(456, '', 40, 22, 0, '0'),
(460, '', 40, 22, 0, '0'),
(478, '', 40, 22, 0, '0'),
(7, '', 36, 22, 0, '0'),
(15, '', 36, 22, 0, '0'),
(21, '', 36, 22, 0, '0'),
(25, 'Restrito', 36, 22, 0, '0'),
(33, 'Restrito', 36, 22, 0, '0'),
(37, '', 36, 22, 0, '0'),
(41, '', 36, 22, 0, '0'),
(43, '', 36, 22, 0, '0'),
(47, '', 36, 22, 0, '0'),
(49, '', 36, 22, 0, '0'),
(65, '', 36, 22, 0, '0'),
(69, '', 36, 22, 0, '0'),
(85, '', 36, 22, 0, '0'),
(97, '', 36, 22, 0, '0'),
(105, '', 36, 22, 0, '0'),
(107, '', 36, 22, 0, '0'),
(109, '', 36, 22, 0, '0'),
(123, 'Cortiço', 36, 22, 0, '0'),
(131, '', 36, 22, 0, '0'),
(195, '', 36, 22, 0, '195'),
(199, '', 36, 22, 0, '0'),
(199, 'F', 36, 22, 0, '0'),
(201, '', 36, 22, 0, '201'),
(213, '', 36, 22, 0, '0'),
(225, '', 36, 22, 0, '0'),
(227, '', 36, 22, 0, '0'),
(229, '', 36, 22, 0, '0'),
(231, '', 36, 22, 0, '0'),
(273, '', 36, 22, 0, '0'),
(283, '', 36, 22, 0, '0'),
(293, '', 36, 22, 0, '0'),
(307, '', 36, 22, 0, '0'),
(309, '', 36, 22, 0, '0'),
(311, '', 36, 22, 0, '0'),
(315, '', 36, 22, 0, '0'),
(317, '', 36, 22, 0, '0'),
(319, '', 36, 22, 0, '0'),
(350, '', 36, 22, 0, '0'),
(1, 'B', 44, 22, 0, '0'),
(376, '', 40, 23, 0, '0'),
(434, '', 40, 23, 0, '0'),
(470, '', 40, 23, 0, '0'),
(556, '', 40, 23, 0, '0'),
(560, '', 40, 23, 0, '0'),
(564, 'Cortiço', 40, 23, 0, '0'),
(566, '', 40, 23, 0, '0'),
(572, 'Cortiço', 40, 23, 0, '0'),
(576, '', 40, 23, 0, '0'),
(580, '', 40, 23, 0, '0'),
(588, '', 40, 23, 0, '0'),
(596, '', 40, 23, 0, '0'),
(600, '', 40, 23, 0, '0'),
(636, '', 40, 23, 0, '0'),
(642, '', 40, 23, 0, '642'),
(644, '', 40, 23, 0, '0'),
(648, '', 40, 23, 0, '0'),
(650, '', 40, 23, 0, '0'),
(658, '', 40, 23, 0, '0'),
(660, '', 40, 23, 0, '0'),
(668, 'Restrito', 40, 23, 0, '0'),
(672, '', 40, 23, 0, '0'),
(680, '', 40, 23, 0, '0'),
(688, '', 40, 23, 0, '0'),
(698, '', 40, 23, 0, '0'),
(704, '', 40, 23, 0, '0'),
(618, '', 40, 23, 0, '0'),
(620, '', 40, 23, 0, '0'),
(710, '', 40, 23, 0, '0'),
(712, '', 40, 23, 0, '0'),
(730, '', 40, 23, 0, '0'),
(736, '', 40, 23, 0, '0'),
(740, '', 40, 23, 0, '0'),
(750, '', 40, 23, 0, '0'),
(752, 'Restrito', 40, 23, 0, '0'),
(764, '', 40, 23, 0, '0'),
(772, '', 40, 23, 0, '0'),
(774, '', 40, 23, 0, '0'),
(786, '', 40, 23, 0, '0'),
(790, '', 40, 23, 0, '0'),
(802, '', 40, 23, 0, '0'),
(812, 'F', 40, 23, 0, '0'),
(812, '', 40, 23, 0, '0'),
(822, '', 40, 23, 0, '0'),
(838, 'C1 Cortiço', 40, 23, 0, '0'),
(848, '', 40, 23, 0, '0'),
(852, '', 40, 23, 0, '0'),
(864, '', 40, 23, 0, '0'),
(872, '', 40, 23, 0, '0'),
(876, '', 40, 23, 0, '0'),
(882, '', 40, 23, 0, '0'),
(884, '', 40, 23, 0, '0'),
(898, '', 40, 23, 0, '0'),
(906, '', 40, 23, 0, '0'),
(910, '', 40, 23, 0, '0'),
(744, '', 43, 23, 0, '0'),
(750, '', 43, 23, 0, '0'),
(762, 'B', 43, 23, 0, '0'),
(770, '', 43, 23, 0, '0'),
(774, '', 43, 23, 0, '0'),
(776, '', 43, 23, 0, '0'),
(780, '', 43, 23, 0, '0'),
(784, '', 43, 23, 0, '0'),
(786, '', 43, 23, 0, '0'),
(788, '', 43, 23, 0, '0'),
(796, '', 43, 23, 0, '0'),
(808, '', 43, 23, 0, '0'),
(814, '', 43, 23, 0, '0'),
(818, '', 43, 23, 0, '0'),
(828, 'Restrito', 43, 23, 0, '0'),
(830, '', 43, 23, 0, '0'),
(832, '', 43, 23, 0, '0'),
(836, '', 43, 23, 0, '0'),
(840, '', 43, 23, 0, '0'),
(844, '', 43, 23, 0, '0'),
(846, '', 43, 23, 0, '0'),
(848, '', 43, 23, 0, '0'),
(852, '', 43, 23, 0, '0'),
(862, '', 43, 23, 0, '0'),
(882, '', 43, 23, 0, '0'),
(892, '', 43, 23, 0, '0'),
(902, '', 43, 23, 0, '0'),
(902, 'F', 43, 23, 0, '0'),
(912, '', 43, 23, 0, '0'),
(914, '', 43, 23, 0, '0'),
(922, '', 43, 23, 0, '0'),
(924, '', 43, 23, 0, '0'),
(926, '', 43, 23, 0, '0'),
(932, '', 43, 23, 0, '0'),
(936, '', 43, 23, 0, '0'),
(944, '', 43, 23, 0, '0'),
(944, 'A', 43, 23, 0, '0'),
(956, '', 43, 23, 0, '0'),
(962, '', 43, 23, 0, '0'),
(972, '', 43, 23, 0, '0'),
(1004, '', 43, 23, 0, '0'),
(1020, '', 43, 23, 0, '0'),
(1022, '', 43, 23, 0, '0'),
(1028, '', 43, 23, 0, '0'),
(1032, '', 43, 23, 0, '0'),
(1036, '', 43, 23, 0, '0'),
(1046, '', 43, 23, 0, '0'),
(14, '', 45, 23, 0, '0'),
(47, '', 45, 23, 0, '0'),
(51, '', 45, 23, 0, '0'),
(55, '', 45, 23, 0, '0'),
(59, '', 45, 23, 0, '0'),
(71, '', 45, 23, 0, '0'),
(77, '', 45, 23, 0, '0'),
(81, '', 45, 23, 0, '0'),
(81, 'F', 45, 23, 0, '0'),
(83, '', 45, 23, 0, '0'),
(83, 'A', 45, 23, 0, '0'),
(87, '', 45, 23, 0, '0'),
(91, '', 45, 23, 0, '0'),
(97, '', 45, 23, 0, '0'),
(101, 'B', 45, 23, 0, '0'),
(107, '', 45, 23, 0, '0'),
(121, '', 45, 23, 0, '0'),
(125, '', 45, 23, 0, '0'),
(133, 'Restrito', 45, 23, 0, '0'),
(135, 'B Restrito', 45, 23, 0, '0'),
(135, '', 45, 23, 0, '0'),
(145, 'A', 45, 23, 0, '0'),
(145, 'F', 45, 23, 0, '0'),
(155, '', 45, 23, 0, '0'),
(165, 'F', 45, 23, 0, '0'),
(165, '', 45, 23, 0, '0'),
(173, '', 45, 23, 0, '0'),
(177, '', 45, 23, 0, '0'),
(181, '', 45, 23, 0, '0'),
(181, 'F', 45, 23, 0, '0'),
(195, '', 45, 23, 0, '195'),
(203, '', 45, 23, 0, '0'),
(213, '', 45, 23, 0, '0'),
(227, 'Cortiço', 45, 23, 0, '0'),
(229, '', 45, 23, 0, '0'),
(229, 'A Cortiço', 45, 23, 0, '0'),
(233, '', 45, 23, 0, '0'),
(237, '', 45, 23, 0, '0'),
(253, '', 45, 23, 0, '0'),
(263, '', 45, 23, 0, '0'),
(271, '', 45, 23, 0, '0'),
(273, '', 45, 23, 0, '0'),
(279, '', 45, 23, 0, '0'),
(285, '', 45, 23, 0, '0'),
(295, '', 45, 23, 0, '0'),
(297, '', 45, 23, 0, '0'),
(301, '', 45, 23, 0, '0'),
(303, '', 45, 23, 0, '0'),
(303, 'F', 45, 23, 0, '0'),
(305, '', 45, 23, 0, '0'),
(313, '', 45, 23, 0, '0'),
(327, '', 45, 23, 0, '0'),
(337, '', 45, 23, 0, '0'),
(347, 'F', 45, 23, 0, '0'),
(347, '', 45, 23, 0, '0'),
(349, 'Cortiço', 45, 23, 0, '0'),
(359, '', 45, 23, 0, '0'),
(367, '', 45, 23, 0, '0'),
(377, '', 45, 23, 0, '0'),
(399, '', 45, 23, 0, '0'),
(433, 'A', 45, 23, 0, '0'),
(433, '', 45, 23, 0, '0'),
(437, '', 45, 23, 0, '0'),
(445, '', 45, 23, 0, '0'),
(447, '', 45, 23, 0, '0'),
(453, '', 45, 23, 0, '0'),
(457, '', 45, 23, 0, '0'),
(461, '', 45, 23, 0, '0'),
(471, '', 45, 23, 0, '0'),
(485, '', 45, 23, 0, '0'),
(513, '', 45, 23, 0, '0'),
(525, '', 45, 23, 0, '0'),
(533, '', 45, 23, 0, '0'),
(539, '', 45, 23, 0, '0'),
(0, '', 45, 23, 0, '0'),
(12, '', 45, 24, 0, '0'),
(20, 'Restrito', 45, 24, 0, '0'),
(36, '', 45, 24, 0, '0'),
(124, '', 45, 24, 0, '0'),
(138, '', 45, 24, 0, '0'),
(152, '', 45, 24, 0, '0'),
(162, '', 45, 24, 0, '0'),
(166, '', 45, 24, 0, '0'),
(168, '', 45, 24, 0, '0'),
(178, '', 45, 24, 0, '0'),
(180, '', 45, 24, 0, '0'),
(190, '', 45, 24, 0, '0'),
(194, '', 45, 23, 0, '0'),
(204, '', 45, 23, 0, '0'),
(222, '', 45, 23, 0, '0'),
(234, 'A', 45, 23, 0, '0'),
(234, 'B', 45, 23, 0, '0'),
(234, 'C', 45, 23, 0, '0'),
(246, '', 45, 23, 0, '0'),
(0, '', 45, 23, 0, '0'),
(475, 'Cortiço', 43, 24, 0, '0'),
(652, 'Prédio', 43, 24, 0, '0'),
(686, '', 43, 24, 0, '0'),
(698, '', 43, 24, 0, '0'),
(718, '', 43, 24, 0, '0'),
(33, 'Prédio', 46, 24, 0, '0'),
(67, '', 46, 24, 0, '0'),
(205, '', 46, 24, 0, '0'),
(215, '', 46, 24, 0, '0'),
(223, '', 46, 24, 0, '0'),
(0, '', 46, 24, 0, '0'),
(8, '', 46, 25, 0, '0'),
(80, '', 46, 25, 0, '0'),
(98, 'C', 46, 25, 0, '0'),
(12, '', 47, 25, 0, '0'),
(16, 'Restrito', 47, 25, 0, '0'),
(22, '', 47, 25, 0, '0'),
(36, '', 47, 25, 0, '0'),
(46, '', 47, 25, 0, '0'),
(634, '', 43, 25, 0, '0'),
(15, 'A', 48, 25, 0, '0'),
(25, '', 48, 25, 0, '0'),
(63, '', 48, 25, 0, '63'),
(65, '', 48, 25, 0, '0'),
(75, '', 48, 25, 0, '0'),
(76, '', 48, 25, 0, '0'),
(81, '', 48, 25, 0, '0'),
(85, 'A', 48, 25, 0, '0'),
(93, '', 48, 25, 0, '0'),
(97, '', 48, 25, 0, '0'),
(99, '', 48, 25, 0, '0'),
(107, '', 48, 25, 0, '0'),
(111, '', 48, 25, 0, '0'),
(121, '', 48, 25, 0, '0'),
(133, 'A', 48, 25, 0, '0'),
(133, '', 48, 25, 0, '0'),
(145, '', 48, 25, 0, '0'),
(130, '', 46, 26, 0, '0'),
(162, 'Cortiço', 46, 26, 0, '0'),
(176, '', 46, 26, 0, '0'),
(196, '', 46, 26, 0, '0'),
(202, '', 46, 26, 0, '0'),
(204, '', 46, 26, 0, '0'),
(210, '', 46, 26, 0, '0'),
(216, '', 46, 26, 0, '0'),
(224, '', 46, 26, 0, '0'),
(232, '', 46, 26, 0, '0'),
(236, 'F', 46, 26, 0, '0'),
(236, '', 46, 26, 0, '0'),
(250, '', 46, 26, 0, '0'),
(260, '', 46, 26, 0, '0'),
(8, '', 49, 26, 0, '0'),
(32, '', 49, 26, 0, '0'),
(41, '', 49, 26, 0, '0'),
(50, '', 49, 26, 0, '0'),
(52, '', 49, 26, 0, '0'),
(54, '', 49, 26, 0, '0'),
(55, '', 49, 26, 0, '0'),
(64, '', 49, 26, 0, '0'),
(73, 'Restrito', 49, 26, 0, '0'),
(74, '', 49, 26, 0, '0'),
(81, '', 49, 26, 0, '0'),
(82, '', 49, 26, 0, '0'),
(85, '', 49, 26, 0, '0'),
(90, '', 49, 26, 0, '0'),
(93, '', 49, 26, 0, '0'),
(94, '', 49, 26, 0, '0'),
(94, 'F', 49, 26, 0, '0'),
(102, '', 49, 26, 0, '0'),
(103, '', 49, 26, 0, '0'),
(103, 'F', 49, 26, 0, '0'),
(106, '', 49, 26, 0, '0'),
(113, 'F', 49, 26, 0, '0'),
(113, '', 49, 26, 0, '0'),
(114, '', 49, 26, 0, '0'),
(123, '', 49, 26, 0, '0'),
(124, '', 49, 26, 0, '0'),
(130, '', 49, 26, 0, '0'),
(132, '', 49, 26, 0, '0'),
(137, '', 49, 26, 0, '0'),
(141, '', 49, 26, 0, '0'),
(144, '', 49, 26, 0, '0'),
(147, '', 49, 26, 0, '0'),
(151, '', 49, 26, 0, '0'),
(152, '', 49, 26, 0, '0'),
(155, '', 49, 26, 0, '0'),
(164, '', 49, 26, 0, '0'),
(168, '', 49, 26, 0, '0'),
(174, '', 49, 26, 0, '0'),
(215, '', 49, 26, 0, '0'),
(0, '', 49, 26, 0, '0'),
(15, '', 47, 26, 0, '0'),
(29, '', 47, 26, 0, '0'),
(37, '', 47, 26, 0, '0'),
(41, '', 47, 26, 0, '0'),
(43, '', 47, 26, 0, '0'),
(51, '', 47, 26, 0, '0'),
(71, '', 47, 26, 0, '0'),
(291, '', 47, 26, 0, '0'),
(169, '', 48, 26, 0, '0'),
(187, '', 48, 26, 0, '0'),
(195, '', 48, 26, 0, '195'),
(197, '', 48, 26, 0, '0'),
(207, '', 48, 26, 0, '0'),
(215, '', 48, 26, 0, '0'),
(219, '', 48, 26, 0, '219'),
(227, '', 48, 26, 0, '0'),
(235, '', 48, 26, 0, '0'),
(237, '', 48, 26, 0, '0'),
(241, '', 48, 26, 0, '0'),
(249, '', 48, 26, 0, '0'),
(251, '', 48, 26, 0, '0'),
(255, '', 48, 26, 0, '0'),
(257, '', 48, 26, 0, '0'),
(265, '', 48, 26, 0, '0'),
(269, '', 48, 26, 0, '0'),
(269, 'F', 48, 26, 0, '0'),
(281, '', 48, 26, 0, '0'),
(301, '', 48, 26, 0, '0'),
(309, '', 48, 26, 0, '0'),
(317, '', 48, 26, 0, '0'),
(325, '', 48, 26, 0, '0'),
(314, 'Condomínio', 45, 26, 0, '0'),
(334, '', 45, 26, 0, '0'),
(346, '', 45, 26, 0, '0'),
(348, '', 45, 26, 0, '0'),
(358, '', 45, 26, 0, '0'),
(364, '', 45, 26, 0, '0'),
(374, '', 45, 26, 0, '0'),
(380, '', 45, 26, 0, '0'),
(388, '', 45, 26, 0, '0'),
(392, '', 45, 26, 0, '0'),
(398, '', 45, 26, 0, '0'),
(410, 'Condomínio', 45, 26, 0, '0'),
(420, '', 45, 26, 0, '0'),
(432, '', 45, 26, 0, '0'),
(458, '', 45, 26, 0, '0'),
(462, '', 45, 26, 0, '0'),
(12, '', 50, 26, 0, '0'),
(18, '', 50, 26, 0, '0'),
(26, '', 50, 26, 0, '0'),
(0, '', 50, 26, 0, '0'),
(40, '', 48, 27, 0, '0'),
(132, 'F', 48, 27, 0, '0'),
(170, '', 48, 27, 0, '0'),
(180, '', 48, 27, 0, '0'),
(186, '', 48, 27, 0, '0'),
(202, '', 48, 27, 0, '0'),
(208, '', 48, 27, 0, '0'),
(214, '', 48, 27, 0, '0'),
(218, '', 48, 27, 0, '0'),
(222, '', 48, 27, 0, '0'),
(228, '', 48, 27, 0, '0'),
(234, '', 48, 27, 0, '0'),
(234, 'B', 48, 27, 0, '0'),
(240, '', 48, 27, 0, '0'),
(254, '', 48, 27, 0, '0'),
(258, '', 48, 27, 0, '0'),
(266, '', 48, 27, 0, '0'),
(268, '', 48, 27, 0, '0'),
(272, '', 48, 27, 0, '0'),
(278, '', 48, 27, 0, '0'),
(288, '', 48, 27, 0, '0'),
(288, 'A', 48, 27, 0, '0'),
(298, '', 48, 27, 0, '0'),
(137, '', 51, 27, 0, '0'),
(143, '', 51, 27, 0, '143'),
(211, '', 51, 27, 0, '211'),
(211, 'F', 51, 27, 0, '211'),
(219, '', 51, 27, 0, '219'),
(225, '', 51, 27, 0, '0'),
(227, '', 51, 27, 0, '0'),
(231, '', 51, 27, 0, '0'),
(239, '', 51, 27, 0, '0'),
(235, '', 51, 27, 0, '0'),
(235, 'F', 51, 27, 0, '0'),
(263, '', 51, 27, 0, '0'),
(269, '', 51, 27, 0, '0'),
(285, '', 51, 27, 0, '0'),
(291, '', 51, 27, 0, '0'),
(301, '', 51, 27, 0, '0'),
(303, '', 51, 27, 0, '0'),
(307, '', 51, 27, 0, '0'),
(313, '', 51, 27, 0, '0'),
(327, '', 51, 27, 0, '0'),
(109, '', 47, 27, 0, '0'),
(113, '', 47, 27, 0, '0'),
(115, '', 47, 27, 0, '0'),
(115, 'F', 47, 27, 0, '0'),
(125, '', 47, 27, 0, '0'),
(131, '', 47, 27, 0, '0'),
(133, '', 47, 27, 0, '0'),
(145, '', 47, 27, 0, '0'),
(147, '', 47, 27, 0, '0'),
(155, '', 47, 27, 0, '0'),
(92, '', 47, 28, 0, '92'),
(102, '', 47, 28, 0, '0'),
(114, '', 47, 28, 0, '0'),
(122, '', 47, 28, 0, '0'),
(150, 'Restrito', 47, 28, 0, '0'),
(157, '', 47, 28, 0, '0'),
(163, '', 47, 28, 0, '0'),
(28, '', 48, 28, 0, '0'),
(50, '', 48, 28, 0, '0'),
(58, '', 48, 28, 0, '0'),
(70, '', 48, 28, 0, '0'),
(76, '', 48, 28, 0, '0'),
(80, '', 48, 28, 0, '0'),
(90, '', 48, 28, 0, '0'),
(100, '', 48, 28, 0, '0'),
(104, '', 48, 28, 0, '0'),
(108, '', 48, 28, 0, '0'),
(116, '', 48, 28, 0, '0'),
(118, '', 48, 28, 0, '0'),
(132, '', 48, 28, 0, '0'),
(134, '', 48, 28, 0, '0'),
(138, '', 48, 28, 0, '0'),
(140, '', 48, 28, 0, '0'),
(142, '', 48, 28, 0, '0'),
(144, '', 48, 28, 0, '0'),
(146, '', 48, 28, 0, '0'),
(152, '', 48, 28, 0, '0'),
(0, '', 48, 28, 0, '0'),
(5, '', 52, 28, 0, '0'),
(9, '', 52, 28, 0, '0'),
(11, '', 52, 28, 0, '0'),
(15, '', 52, 28, 0, '0'),
(19, '', 52, 28, 0, '0'),
(21, 'Restrito', 52, 28, 0, '0'),
(23, 'A', 52, 28, 0, '0'),
(25, '', 52, 28, 0, '0'),
(29, '', 52, 28, 0, '0'),
(33, '', 52, 28, 0, '0'),
(45, 'C2', 52, 28, 0, '0'),
(254, '', 52, 28, 0, '0'),
(256, '', 52, 28, 0, '0'),
(31, '', 51, 28, 0, '0'),
(45, '', 51, 28, 0, '0'),
(55, '', 51, 28, 0, '0'),
(55, 'A', 51, 28, 0, '0'),
(63, '', 51, 28, 0, '63'),
(75, '', 51, 28, 0, '0'),
(83, '', 51, 28, 0, '0'),
(91, '', 51, 28, 0, '0'),
(103, '', 51, 28, 0, '0'),
(105, '', 51, 28, 0, '0'),
(113, '', 51, 28, 0, '0'),
(121, '', 51, 28, 0, '0'),
(121, 'C2', 51, 28, 0, '0'),
(129, '', 51, 28, 0, '0'),
(133, '', 51, 28, 0, '0'),
(137, '', 51, 28, 0, '0'),
(143, '', 51, 28, 0, '143'),
(145, '', 51, 28, 0, '0'),
(153, '', 51, 28, 0, '0'),
(352, '', 34, 29, 0, '0'),
(358, '', 34, 29, 0, '0'),
(358, 'F', 34, 29, 0, '0'),
(366, '', 34, 29, 0, '0'),
(366, 'A', 34, 29, 0, '0'),
(376, '', 34, 29, 0, '0'),
(394, '', 34, 29, 0, '0'),
(398, 'Cortiço', 34, 29, 0, '0'),
(404, 'Cortiço', 34, 29, 0, '0'),
(412, '', 34, 29, 0, '0'),
(414, '', 34, 29, 0, '0'),
(416, 'Condomínio', 34, 29, 0, '0'),
(416, 'A Condomín', 34, 29, 0, '0'),
(424, 'Condomínio', 34, 29, 0, '0'),
(426, 'Cortiço', 34, 29, 0, '0'),
(426, 'F', 34, 29, 0, '0'),
(428, '', 34, 29, 0, '0'),
(440, '', 34, 29, 0, '0'),
(446, 'F', 34, 29, 0, '0'),
(448, '', 34, 29, 0, '0'),
(454, '', 34, 29, 0, '0'),
(460, 'Cortiço', 34, 29, 0, '0'),
(462, '', 34, 29, 0, '0'),
(464, '', 34, 29, 0, '0'),
(470, '', 34, 29, 0, '0'),
(480, '', 34, 29, 0, '0'),
(484, '', 34, 29, 0, '0'),
(492, '', 34, 29, 0, '0'),
(506, '', 34, 29, 0, '0'),
(510, '', 34, 29, 0, '0'),
(518, '', 34, 29, 0, '0'),
(532, '', 34, 29, 0, '0'),
(540, '', 34, 29, 0, '0'),
(544, '', 34, 29, 0, '0'),
(550, '', 34, 29, 0, '0'),
(556, '', 34, 29, 0, '0'),
(558, '', 34, 29, 0, '0'),
(291, '', 53, 29, 0, '0'),
(297, '', 53, 29, 0, '0'),
(307, '', 53, 29, 0, '0'),
(307, 'A', 53, 29, 0, '0'),
(317, '', 53, 29, 0, '0'),
(323, '', 53, 29, 0, '0'),
(325, '', 53, 29, 0, '0'),
(331, '', 53, 29, 0, '0'),
(335, '', 53, 29, 0, '0'),
(337, '', 53, 29, 0, '0'),
(343, '', 53, 29, 0, '0'),
(353, '', 53, 29, 0, '0'),
(369, '', 53, 29, 0, '0'),
(371, '', 53, 29, 0, '0'),
(373, '', 53, 29, 0, '0'),
(383, '', 53, 29, 0, '0'),
(393, '', 53, 29, 0, '0'),
(397, '', 53, 29, 0, '0'),
(407, '', 53, 29, 0, '0'),
(409, '', 53, 29, 0, '0'),
(411, '', 53, 29, 0, '0'),
(421, '', 53, 29, 0, '0'),
(423, 'F', 53, 29, 0, '0'),
(429, '', 53, 29, 0, '0'),
(435, '', 53, 29, 0, '0'),
(462, 'Cortiço', 53, 29, 0, '0'),
(463, 'A', 53, 29, 0, '0'),
(5, '', 54, 29, 0, '0'),
(43, '', 54, 29, 0, '0'),
(63, 'A', 54, 29, 0, '63'),
(63, 'B', 54, 29, 0, '63'),
(181, 'Prédio', 28, 30, 0, '0'),
(12, '', 54, 30, 0, '0'),
(16, '', 54, 30, 0, '0'),
(22, '', 54, 30, 0, '0'),
(26, '', 54, 30, 0, '0'),
(30, '', 54, 30, 0, '0'),
(32, '', 54, 30, 0, '0'),
(34, '', 54, 30, 0, '0'),
(42, '', 54, 30, 0, '0'),
(64, 'C', 54, 30, 0, '0'),
(64, 'D', 54, 30, 0, '0'),
(64, 'E', 54, 30, 0, '0'),
(64, 'F', 54, 30, 0, '0'),
(9, '', 53, 30, 0, '0'),
(13, '', 53, 30, 0, '0'),
(17, '', 53, 30, 0, '0'),
(19, '', 53, 30, 0, '0'),
(23, '', 53, 30, 0, '0'),
(33, '', 53, 30, 0, '0'),
(33, 'A', 53, 30, 0, '0'),
(37, '', 53, 30, 0, '0'),
(47, '', 53, 30, 0, '0'),
(51, '', 53, 30, 0, '0'),
(63, '', 53, 30, 0, '63'),
(75, '', 53, 30, 0, '0'),
(83, '', 53, 30, 0, '0'),
(85, '', 53, 30, 0, '0'),
(91, '', 53, 30, 0, '0'),
(93, '', 53, 30, 0, '0'),
(107, 'Restrito', 53, 30, 0, '0'),
(111, '', 53, 30, 0, '0'),
(117, '', 53, 30, 0, '117'),
(121, '', 53, 30, 0, '0'),
(127, '', 53, 30, 0, '0'),
(135, '', 53, 30, 0, '0'),
(139, '', 53, 30, 0, '0'),
(141, 'Restrito', 53, 30, 0, '0'),
(155, '', 53, 30, 0, '0'),
(157, '', 53, 30, 0, '0'),
(167, '', 53, 30, 0, '167'),
(167, 'C', 53, 30, 0, '167'),
(167, 'F Restrito', 53, 30, 0, '167'),
(177, '', 53, 30, 0, '0'),
(185, '', 53, 30, 0, '0'),
(193, '', 53, 30, 0, '0'),
(199, '', 53, 30, 0, '0'),
(205, '', 53, 30, 0, '0'),
(215, '', 53, 30, 0, '0'),
(217, '', 53, 30, 0, '0'),
(221, '', 53, 30, 0, '0'),
(243, '', 53, 30, 0, '0'),
(247, '', 53, 30, 0, '0'),
(251, '', 53, 30, 0, '0'),
(236, 'A', 53, 30, 0, '0'),
(236, 'B', 53, 30, 0, '0'),
(12, '', 34, 30, 0, '0'),
(20, '', 34, 30, 0, '0'),
(34, '', 34, 30, 0, '0'),
(36, '', 34, 30, 0, '0'),
(48, '', 34, 30, 0, '0'),
(66, '', 34, 30, 0, '0'),
(66, 'F', 34, 30, 0, '0'),
(76, '', 34, 30, 0, '0'),
(78, '', 34, 30, 0, '0'),
(90, '', 34, 30, 0, '0'),
(94, '', 34, 30, 0, '0'),
(110, '', 34, 30, 0, '0'),
(116, '', 34, 30, 0, '0'),
(120, 'Cortiço', 34, 30, 0, '0'),
(130, '', 34, 30, 0, '0'),
(130, 'A', 34, 30, 0, '0'),
(142, '', 34, 30, 0, '0'),
(150, 'Condomínio', 34, 30, 0, '0'),
(174, 'Condomínio', 34, 30, 0, '0'),
(198, '', 34, 30, 0, '0'),
(212, '', 34, 30, 0, '0'),
(212, 'F', 34, 30, 0, '0'),
(222, '', 34, 30, 0, '0'),
(224, '', 34, 30, 0, '0'),
(234, '', 34, 30, 0, '0'),
(236, '', 34, 30, 0, '0'),
(240, '', 34, 30, 0, '0'),
(250, '', 34, 30, 0, '0'),
(260, '', 34, 30, 0, '0'),
(268, 'F', 34, 30, 0, '0'),
(316, '', 34, 30, 0, '0'),
(320, '', 34, 30, 0, '0'),
(326, '', 34, 30, 0, '0'),
(332, '', 34, 30, 0, '0'),
(0, '', 34, 30, 0, '0'),
(19, 'Cortiço', 55, 31, 0, '0'),
(29, '', 55, 31, 0, '0'),
(37, '', 55, 31, 0, '0'),
(49, 'C1', 55, 31, 0, '0'),
(49, 'C2', 55, 31, 0, '0'),
(51, '', 55, 31, 0, '0'),
(59, 'C1', 55, 31, 0, '0'),
(59, 'C2', 55, 31, 0, '0'),
(65, 'C1', 55, 31, 0, '0'),
(65, 'C2', 55, 31, 0, '0'),
(65, 'C3', 55, 31, 0, '0'),
(73, '', 55, 31, 0, '0'),
(81, '', 55, 31, 0, '0'),
(83, '', 55, 31, 0, '0'),
(22, '', 28, 31, 0, '0'),
(34, '', 28, 31, 0, '0'),
(36, 'Restrito', 28, 31, 0, '0'),
(44, '', 28, 31, 0, '0'),
(50, '', 28, 31, 0, '0'),
(58, '', 28, 31, 0, '0'),
(66, '', 28, 31, 0, '0'),
(68, 'Cortiço', 28, 31, 0, '0'),
(78, 'Restrito', 28, 31, 0, '0'),
(82, '', 28, 31, 0, '0'),
(86, 'Condomínio', 28, 31, 0, '0'),
(92, '', 28, 31, 0, '92'),
(94, '', 28, 31, 0, '0'),
(100, '', 28, 31, 0, '0'),
(102, '', 28, 31, 0, '0'),
(106, '', 28, 31, 0, '0'),
(120, '', 28, 31, 0, '0'),
(120, 'F', 28, 31, 0, '0'),
(128, '', 28, 31, 0, '0'),
(136, 'C1', 28, 31, 0, '0'),
(136, 'C2', 28, 31, 0, '0'),
(136, 'C3', 28, 31, 0, '0'),
(140, '', 28, 31, 0, '0'),
(150, '', 28, 31, 0, '0'),
(150, 'F', 28, 31, 0, '0'),
(162, '', 28, 31, 0, '0'),
(170, '', 28, 31, 0, '0'),
(170, 'A', 28, 31, 0, '0'),
(176, 'C1', 28, 31, 0, '0'),
(176, 'C2', 28, 31, 0, '0'),
(176, 'C3', 28, 31, 0, '0'),
(190, 'A', 28, 31, 0, '0'),
(190, 'C1', 28, 31, 0, '0'),
(190, 'C2', 28, 31, 0, '0'),
(190, 'C3', 28, 31, 0, '0'),
(210, 'Prédio', 28, 31, 0, '0'),
(234, 'C1', 28, 31, 0, '0'),
(234, 'C2', 28, 31, 0, '0'),
(580, '', 18, 31, 0, '0'),
(582, '', 18, 31, 0, '0'),
(588, 'C1', 18, 31, 0, '0'),
(588, 'C2', 18, 31, 0, '0'),
(594, '', 18, 31, 0, '0'),
(604, '', 18, 31, 0, '0'),
(616, '', 18, 31, 0, '0'),
(622, '', 18, 31, 0, '0'),
(19, 'F Cortiço', 56, 31, 0, '0'),
(35, 'A', 56, 31, 0, '0'),
(41, '', 56, 31, 0, '0'),
(45, '', 56, 31, 0, '0'),
(59, 'Restrito', 56, 31, 0, '0'),
(71, '', 56, 31, 0, '0'),
(73, '', 56, 31, 0, '0'),
(78, '', 56, 31, 0, '0'),
(79, '', 56, 31, 0, '0'),
(81, '', 56, 31, 0, '0'),
(95, '', 56, 31, 0, '0'),
(99, '', 56, 31, 0, '0'),
(105, '', 56, 31, 0, '0'),
(111, '', 56, 31, 0, '0'),
(121, 'C1', 56, 31, 0, '0'),
(121, 'C2', 56, 31, 0, '0'),
(129, 'C1', 56, 31, 0, '0'),
(129, 'C2', 56, 31, 0, '0'),
(139, '', 56, 31, 0, '0'),
(143, 'Cortiço', 56, 31, 0, '143'),
(151, '', 56, 31, 0, '0'),
(157, '', 56, 31, 0, '0'),
(157, 'F Cortiço', 56, 31, 0, '0'),
(161, '', 56, 31, 0, '0'),
(161, 'F Cortiço', 56, 31, 0, '0'),
(167, '', 56, 31, 0, '167'),
(173, 'Cortiço', 56, 31, 0, '0'),
(179, '', 56, 31, 0, '0'),
(189, '', 56, 31, 0, '0'),
(191, '', 56, 31, 0, '0'),
(199, '', 56, 31, 0, '0'),
(205, '', 56, 31, 0, '0'),
(207, '', 56, 31, 0, '0'),
(207, 'A Cortiço', 56, 31, 0, '0'),
(215, '', 56, 31, 0, '0'),
(227, '', 56, 31, 0, '0'),
(233, '', 56, 31, 0, '0'),
(239, '', 56, 31, 0, '0'),
(239, 'F', 56, 31, 0, '0'),
(247, 'C1', 56, 31, 0, '0'),
(247, 'C2', 56, 31, 0, '0'),
(249, '', 56, 31, 0, '0'),
(251, '', 56, 31, 0, '0'),
(255, '', 56, 31, 0, '0'),
(1, '', 43, 32, 0, '0'),
(35, '', 43, 32, 0, '0'),
(51, 'A', 43, 32, 0, '0'),
(51, '', 43, 32, 0, '0'),
(57, '', 43, 32, 0, '0'),
(63, '', 43, 32, 0, '63'),
(75, '', 43, 32, 0, '0'),
(83, '', 43, 32, 0, '0'),
(85, '', 43, 32, 0, '0'),
(87, '', 43, 32, 0, '0'),
(97, '', 43, 32, 0, '0'),
(107, '', 43, 32, 0, '0'),
(109, 'A', 43, 31, 0, '0'),
(109, 'C1', 43, 31, 0, '0'),
(109, 'C2', 43, 31, 0, '0'),
(113, 'C1', 43, 31, 0, '0'),
(113, 'C2', 43, 31, 0, '0'),
(119, 'Cortiço', 43, 31, 0, '0'),
(129, '', 43, 31, 0, '0'),
(143, '', 43, 31, 0, '143'),
(22, '', 57, 32, 0, '0'),
(22, 'F', 57, 32, 0, '0'),
(32, 'A', 57, 32, 0, '0'),
(32, 'F', 57, 32, 0, '0'),
(46, '', 57, 32, 0, '0'),
(20, '', 53, 32, 0, '0'),
(22, '', 53, 32, 0, '0'),
(24, '', 53, 32, 0, '0'),
(26, '', 53, 32, 0, '0'),
(46, 'A', 53, 32, 0, '0'),
(46, 'B', 53, 32, 0, '0'),
(46, 'C', 53, 32, 0, '0'),
(50, 'Restrito', 53, 32, 0, '0'),
(54, '', 53, 32, 0, '0'),
(60, '', 53, 32, 0, '0'),
(68, '', 53, 32, 0, '0'),
(70, '', 53, 32, 0, '0'),
(78, '', 53, 32, 0, '0'),
(86, '', 53, 32, 0, '0'),
(94, '', 53, 32, 0, '0'),
(68, '', 55, 32, 0, '0'),
(76, '', 55, 32, 0, '0'),
(82, 'Cortiço', 55, 32, 0, '0'),
(90, '', 55, 32, 0, '0'),
(98, '', 55, 32, 0, '0'),
(15, '', 57, 33, 0, '0'),
(23, 'Restrito', 57, 33, 0, '0'),
(31, 'Restrito', 57, 33, 0, '0'),
(39, '', 57, 33, 0, '0'),
(45, '', 57, 33, 0, '0'),
(53, '', 57, 33, 0, '0'),
(57, '', 57, 33, 0, '0'),
(59, '', 57, 33, 0, '0'),
(67, '', 57, 33, 0, '0'),
(69, '', 57, 33, 0, '0'),
(132, '', 53, 33, 0, '0'),
(140, '', 53, 33, 0, '0'),
(148, '', 53, 33, 0, '0'),
(156, '', 53, 33, 0, '0'),
(180, '', 53, 33, 0, '0'),
(192, '', 53, 33, 0, '0'),
(194, '', 53, 33, 0, '0'),
(196, 'A', 53, 33, 0, '0'),
(196, 'B', 53, 33, 0, '0'),
(214, '', 53, 33, 0, '0'),
(214, 'F', 53, 33, 0, '0'),
(218, '', 53, 33, 0, '0'),
(220, '', 53, 33, 0, '0'),
(276, '', 53, 33, 0, '0'),
(278, '', 53, 33, 0, '0'),
(0, '', 53, 33, 0, '0'),
(20, '', 58, 33, 0, '0'),
(50, '', 58, 33, 0, '0'),
(54, '', 58, 33, 0, '0'),
(64, '', 58, 33, 0, '0'),
(0, '', 58, 33, 0, '0'),
(165, '', 43, 33, 0, '0'),
(173, 'Cortiço', 43, 33, 0, '0'),
(175, '', 43, 33, 0, '175'),
(177, '', 43, 33, 0, '0'),
(185, '', 43, 33, 0, '0'),
(207, '', 43, 33, 0, '0'),
(209, '', 43, 33, 0, '0'),
(217, '', 43, 33, 0, '0'),
(229, '', 43, 33, 0, '0'),
(235, '', 43, 33, 0, '0'),
(237, '', 43, 33, 0, '0'),
(241, '', 43, 33, 0, '0'),
(245, '', 43, 33, 0, '0'),
(257, '', 43, 33, 0, '0'),
(267, '', 43, 33, 0, '0'),
(275, '', 43, 33, 0, '0'),
(279, '', 43, 33, 0, '0'),
(289, 'A', 43, 33, 0, '0'),
(291, '', 43, 33, 0, '0'),
(293, '', 43, 33, 0, '0'),
(297, '', 43, 33, 0, '0'),
(305, '', 43, 33, 0, '0'),
(27, '', 58, 34, 0, '0'),
(33, '', 58, 34, 0, '0'),
(45, 'B', 58, 34, 0, '0'),
(45, '', 58, 34, 0, '0'),
(47, '', 58, 34, 0, '0'),
(53, '', 58, 34, 0, '0'),
(59, '', 58, 34, 0, '0'),
(65, '', 58, 34, 0, '0'),
(0, '', 58, 34, 0, '0'),
(324, '', 53, 34, 0, '0'),
(328, '', 53, 34, 0, '0'),
(330, '', 53, 34, 0, '0'),
(336, '', 53, 34, 0, '0'),
(346, '', 53, 34, 0, '0'),
(348, 'Cortiço', 53, 34, 0, '0'),
(362, '', 53, 34, 0, '0'),
(370, '', 53, 34, 0, '0'),
(388, '', 53, 34, 0, '0'),
(396, '', 53, 34, 0, '0'),
(410, 'F', 53, 34, 0, '0'),
(410, '', 53, 34, 0, '0'),
(422, '', 53, 34, 0, '0'),
(430, 'Restrito', 53, 34, 0, '0'),
(436, '', 53, 34, 0, '0'),
(362, 'Cortiço', 53, 34, 0, '0'),
(466, '', 53, 34, 0, '0'),
(468, '', 53, 34, 0, '0'),
(0, '', 53, 34, 0, '0'),
(432, '', 43, 35, 0, '0'),
(438, '', 43, 35, 0, '0'),
(444, '', 43, 35, 0, '0'),
(446, '', 43, 35, 0, '0'),
(450, '', 43, 35, 0, '0'),
(460, 'Cortiço', 43, 35, 0, '0'),
(464, '', 43, 35, 0, '0'),
(466, '', 43, 35, 0, '0'),
(341, '', 43, 34, 0, '0'),
(343, '', 43, 34, 0, '0'),
(347, '', 43, 34, 0, '0'),
(357, '', 43, 34, 0, '0'),
(357, 'A', 43, 34, 0, '0'),
(365, '', 43, 34, 0, '0'),
(367, '', 43, 34, 0, '0'),
(375, '', 43, 34, 0, '0'),
(377, '', 43, 34, 0, '0'),
(383, '', 43, 34, 0, '0'),
(385, '', 43, 34, 0, '0'),
(387, '', 43, 34, 0, '0'),
(399, '', 43, 34, 0, '0'),
(401, '', 43, 34, 0, '0'),
(407, '', 43, 34, 0, '0'),
(411, '', 43, 34, 0, '0'),
(415, '', 43, 34, 0, '0'),
(417, '', 43, 34, 0, '0'),
(425, '', 43, 34, 0, '0'),
(431, '', 43, 34, 0, '0'),
(435, '', 43, 34, 0, '0'),
(441, '', 43, 34, 0, '0'),
(445, '', 43, 34, 0, '0'),
(449, '', 43, 34, 0, '0'),
(451, '', 43, 34, 0, '0'),
(457, '', 43, 34, 0, '0'),
(461, '', 43, 34, 0, '0'),
(467, '', 43, 34, 0, '0'),
(471, '', 43, 34, 0, '0'),
(473, '', 43, 34, 0, '0'),
(475, '', 43, 34, 0, '0'),
(479, '', 43, 34, 0, '0'),
(483, '', 43, 34, 0, '0'),
(489, '', 43, 34, 0, '0'),
(491, '', 43, 34, 0, '0'),
(495, '', 43, 34, 0, '0'),
(497, '', 43, 34, 0, '0'),
(505, '', 43, 34, 0, '0'),
(509, '', 43, 34, 0, '0'),
(513, '', 43, 34, 0, '0'),
(21, '', 59, 35, 0, '0'),
(23, '', 59, 35, 0, '0'),
(27, '', 59, 35, 0, '0'),
(29, '', 59, 35, 0, '0'),
(33, '', 59, 35, 0, '0'),
(41, '', 59, 35, 0, '0'),
(9, '', 60, 35, 0, '0'),
(19, '', 60, 35, 0, '0'),
(21, '', 60, 35, 0, '0'),
(23, '', 60, 35, 0, '0'),
(25, '', 60, 35, 0, '0'),
(31, '', 60, 35, 0, '0'),
(37, '', 60, 35, 0, '0'),
(41, '', 60, 35, 0, '0'),
(49, '', 60, 35, 0, '0'),
(55, '', 60, 35, 0, '0'),
(67, '', 60, 35, 0, '0'),
(471, 'Restrito', 61, 36, 0, '0'),
(479, 'F', 61, 36, 0, '0'),
(479, '', 61, 36, 0, '0'),
(491, '', 61, 36, 0, '0'),
(509, '', 61, 36, 0, '0'),
(521, '', 61, 36, 0, '0'),
(527, '', 61, 36, 0, '0'),
(535, 'Restrito', 61, 36, 0, '0'),
(543, '', 61, 36, 0, '0'),
(549, '', 61, 36, 0, '0'),
(553, '', 61, 36, 0, '0'),
(557, '', 61, 36, 0, '0'),
(561, '', 61, 36, 0, '0'),
(0, '', 61, 36, 0, '0'),
(144, 'C', 52, 36, 0, '0'),
(146, '', 52, 36, 0, '0'),
(156, '', 52, 36, 0, '0'),
(168, 'Cortiço', 52, 36, 0, '0'),
(20, '', 60, 36, 0, '0'),
(36, 'B', 60, 36, 0, '0');
INSERT INTO `casas` (`casa`, `Tipo`, `id_rua`, `id_territorio`, `status_casa`, `feito`) VALUES
(36, '', 60, 36, 0, '0'),
(48, '', 60, 36, 0, '0'),
(50, '', 60, 36, 0, '0'),
(56, '', 60, 36, 0, '0'),
(66, '', 60, 36, 0, '0'),
(68, '', 60, 36, 0, '0'),
(76, '', 60, 36, 0, '0'),
(102, '', 60, 36, 0, '0'),
(104, '', 60, 36, 0, '0'),
(118, '', 60, 36, 0, '0'),
(123, '', 60, 36, 0, '0'),
(357, '', 61, 37, 0, '0'),
(369, '', 61, 37, 0, '0'),
(375, '', 61, 37, 0, '0'),
(385, '', 61, 37, 0, '0'),
(387, '', 61, 37, 0, '0'),
(393, '', 61, 37, 0, '0'),
(401, '', 61, 37, 0, '0'),
(409, '', 61, 37, 0, '0'),
(413, '', 61, 37, 0, '0'),
(423, '', 61, 37, 0, '0'),
(425, '', 61, 37, 0, '0'),
(427, '', 61, 37, 0, '0'),
(119, '', 62, 37, 0, '0'),
(121, 'B', 62, 37, 0, '0'),
(121, '', 62, 37, 0, '0'),
(137, '', 62, 37, 0, '0'),
(141, '', 62, 37, 0, '0'),
(149, '', 62, 37, 0, '0'),
(157, '', 62, 37, 0, '0'),
(157, '2', 62, 37, 0, '0'),
(159, '', 62, 37, 0, '159'),
(342, '', 43, 37, 0, '0'),
(352, '', 43, 37, 0, '0'),
(356, '', 43, 37, 0, '0'),
(358, '', 43, 37, 0, '0'),
(376, '', 43, 37, 0, '0'),
(402, '', 43, 37, 0, '0'),
(404, '', 43, 37, 0, '0'),
(406, '', 43, 37, 0, '0'),
(410, '', 43, 37, 0, '0'),
(416, '', 43, 37, 0, '0'),
(0, '', 43, 37, 0, '0'),
(22, '', 59, 37, 0, '0'),
(34, 'A', 59, 37, 0, '0'),
(34, '', 59, 37, 0, '0'),
(44, '', 59, 37, 0, '0'),
(48, '', 59, 37, 0, '0'),
(54, '', 59, 37, 0, '0'),
(62, '', 59, 37, 0, '0'),
(70, '', 59, 37, 0, '0'),
(74, '', 59, 37, 0, '0'),
(86, '', 59, 37, 0, '0'),
(98, '', 59, 37, 0, '0'),
(106, '', 62, 38, 0, '0'),
(118, '', 62, 38, 0, '0'),
(126, '', 62, 38, 0, '0'),
(134, '', 62, 38, 0, '0'),
(142, '', 62, 38, 0, '0'),
(150, '', 62, 38, 0, '0'),
(162, '', 62, 38, 0, '0'),
(170, 'Restrito', 62, 38, 0, '0'),
(172, '', 62, 38, 0, '0'),
(190, '', 43, 38, 0, '0'),
(196, '', 43, 38, 0, '0'),
(204, '', 43, 38, 0, '0'),
(212, '', 43, 38, 0, '0'),
(214, '', 43, 38, 0, '0'),
(216, '', 43, 38, 0, '0'),
(220, '', 43, 38, 0, '0'),
(230, 'Restrito', 43, 38, 0, '0'),
(230, 'A Restrito', 43, 38, 0, '0'),
(238, '', 43, 38, 0, '0'),
(246, '', 43, 38, 0, '0'),
(254, '', 43, 38, 0, '0'),
(262, '', 43, 38, 0, '0'),
(272, '', 43, 38, 0, '0'),
(274, '', 43, 38, 0, '0'),
(278, '', 43, 38, 0, '0'),
(286, '', 43, 38, 0, '0'),
(294, 'B', 43, 38, 0, '0'),
(294, '', 43, 38, 0, '0'),
(296, '', 43, 38, 0, '0'),
(300, '', 43, 38, 0, '0'),
(0, '', 43, 38, 0, '0'),
(113, '', 57, 38, 0, '0'),
(119, 'Restrito', 57, 38, 0, '0'),
(123, 'Restrito', 57, 38, 0, '0'),
(135, 'Restrito', 57, 38, 0, '0'),
(141, '', 57, 38, 0, '0'),
(151, '', 57, 38, 0, '0'),
(157, '', 57, 38, 0, '0'),
(167, 'A', 57, 38, 0, '167'),
(171, '', 57, 38, 0, '0'),
(229, '', 61, 38, 0, '0'),
(231, '', 61, 38, 0, '0'),
(235, '', 61, 38, 0, '0'),
(239, '', 61, 38, 0, '0'),
(245, '', 61, 38, 0, '0'),
(249, '', 61, 38, 0, '0'),
(253, '', 61, 38, 0, '0'),
(256, '', 61, 38, 0, '0'),
(265, 'Restrito', 61, 38, 0, '0'),
(271, '', 61, 38, 0, '0'),
(295, '', 61, 38, 0, '0'),
(299, '', 61, 38, 0, '0'),
(309, '', 61, 38, 0, '0'),
(323, '', 61, 38, 0, '0'),
(329, '', 61, 38, 0, '0'),
(114, '', 57, 39, 0, '0'),
(120, '', 57, 39, 0, '0'),
(122, '', 57, 39, 0, '0'),
(134, '', 57, 39, 0, '0'),
(144, '', 57, 39, 0, '0'),
(156, 'Restrito', 57, 39, 0, '0'),
(158, '', 57, 39, 0, '0'),
(162, '', 57, 39, 0, '0'),
(37, 'A', 61, 39, 0, '0'),
(39, '', 61, 39, 0, '0'),
(49, '', 61, 39, 0, '0'),
(55, '', 61, 39, 0, '0'),
(63, '', 61, 39, 0, '63'),
(63, 'F', 61, 39, 0, '63'),
(73, '', 61, 39, 0, '0'),
(87, '', 61, 39, 0, '0'),
(99, '', 61, 39, 0, '0'),
(103, 'Condomínio', 61, 39, 0, '0'),
(111, 'Restrito', 61, 39, 0, '0'),
(119, '', 61, 39, 0, '0'),
(119, 'F', 61, 39, 0, '0'),
(127, '', 61, 39, 0, '0'),
(139, '', 61, 39, 0, '0'),
(145, 'A', 61, 39, 0, '0'),
(145, 'Restrito', 61, 39, 0, '0'),
(151, '', 61, 39, 0, '0'),
(151, 'A', 61, 39, 0, '0'),
(161, 'F Restrito', 61, 39, 0, '0'),
(161, '', 61, 39, 0, '0'),
(165, '', 61, 39, 0, '0'),
(185, '', 61, 39, 0, '0'),
(207, '', 61, 39, 0, '0'),
(213, '', 61, 39, 0, '0'),
(219, '', 61, 39, 0, '219'),
(223, '', 61, 39, 0, '0'),
(225, '', 61, 39, 0, '0'),
(0, '', 61, 39, 0, '0'),
(15, '', 63, 39, 0, '0'),
(23, '', 63, 39, 0, '0'),
(37, '', 63, 39, 0, '0'),
(45, '', 63, 39, 0, '0'),
(51, '', 63, 39, 0, '0'),
(61, '', 63, 39, 0, '0'),
(65, '', 63, 39, 0, '0'),
(71, '', 63, 39, 0, '0'),
(73, '', 63, 39, 0, '0'),
(85, '', 63, 39, 0, '0'),
(93, 'B', 63, 39, 0, '0'),
(93, '', 63, 39, 0, '0'),
(119, '', 63, 39, 0, '0'),
(123, '', 63, 39, 0, '0'),
(127, '', 63, 39, 0, '0'),
(133, '', 63, 39, 0, '0'),
(0, '', 63, 39, 0, '0'),
(16, '', 43, 39, 0, '0'),
(22, '', 43, 39, 0, '0'),
(38, '', 43, 39, 0, '0'),
(40, '', 43, 39, 0, '0'),
(46, '', 43, 39, 0, '0'),
(62, '', 43, 39, 0, '0'),
(66, '', 43, 39, 0, '0'),
(74, '', 43, 39, 0, '0'),
(86, '', 43, 39, 0, '0'),
(96, '', 43, 39, 0, '0'),
(104, '', 43, 39, 0, '0'),
(110, '', 43, 39, 0, '0'),
(112, '', 43, 39, 0, '0'),
(128, '', 43, 39, 0, '0'),
(136, 'A', 43, 39, 0, '0'),
(136, '', 43, 39, 0, '0'),
(136, 'F', 43, 39, 0, '0'),
(138, '', 43, 39, 0, '0'),
(142, '', 43, 39, 0, '0'),
(8, 'Condomínio', 61, 40, 0, '0'),
(18, '', 61, 40, 0, '0'),
(26, '', 61, 40, 0, '0'),
(38, 'Condomínio', 61, 40, 0, '0'),
(44, '', 61, 40, 0, '0'),
(54, '', 61, 40, 0, '0'),
(60, '', 61, 40, 0, '0'),
(72, '', 61, 40, 0, '0'),
(74, '', 61, 40, 0, '0'),
(82, '', 61, 40, 0, '0'),
(84, '', 61, 40, 0, '0'),
(92, '', 61, 40, 0, '92'),
(100, '', 61, 40, 0, '0'),
(102, '', 61, 40, 0, '0'),
(108, 'B', 61, 40, 0, '0'),
(108, '', 61, 40, 0, '0'),
(116, '', 61, 40, 0, '0'),
(124, '', 61, 40, 0, '0'),
(134, '', 61, 40, 0, '0'),
(140, '', 61, 40, 0, '0'),
(148, '', 61, 40, 0, '0'),
(154, '', 61, 40, 0, '0'),
(158, 'Condomínio', 61, 40, 0, '0'),
(168, 'Condomínio', 61, 40, 0, '0'),
(176, '', 61, 40, 0, '0'),
(178, '', 61, 40, 0, '0'),
(194, '', 61, 40, 0, '0'),
(200, '', 61, 40, 0, '0'),
(208, '', 61, 40, 0, '0'),
(216, '', 61, 40, 0, '0'),
(220, '', 61, 40, 0, '0'),
(0, '', 61, 40, 0, '0'),
(169, '', 63, 40, 0, '0'),
(179, '', 63, 40, 0, '0'),
(37, 'Restrito', 64, 40, 0, '0'),
(41, '', 64, 40, 0, '0'),
(51, '', 64, 40, 0, '0'),
(61, '', 64, 40, 0, '0'),
(13, '', 65, 40, 0, '0'),
(15, '', 65, 40, 0, '0'),
(21, '', 65, 40, 0, '0'),
(27, '', 65, 40, 0, '0'),
(33, '', 65, 40, 0, '0'),
(37, '', 65, 40, 0, '0'),
(53, '', 65, 40, 0, '0'),
(59, '', 65, 40, 0, '0'),
(61, '', 65, 40, 0, '0'),
(69, '', 65, 40, 0, '0'),
(83, '', 65, 40, 0, '0'),
(91, 'F', 65, 40, 0, '0'),
(99, '', 65, 40, 0, '0'),
(109, '', 65, 40, 0, '0'),
(119, '', 65, 40, 0, '0'),
(129, '', 65, 40, 0, '0'),
(135, '', 65, 40, 0, '0'),
(147, '', 65, 40, 0, '0'),
(151, '', 65, 40, 0, '0'),
(159, '', 65, 40, 0, '159'),
(163, '', 65, 40, 0, '0'),
(173, '', 65, 40, 0, '0'),
(177, '', 65, 40, 0, '0'),
(185, 'Cortiço', 65, 40, 0, '0'),
(189, '', 65, 40, 0, '0'),
(199, '', 65, 40, 0, '0'),
(205, '', 65, 40, 0, '0'),
(211, '', 65, 40, 0, '211'),
(225, '', 65, 40, 0, '0'),
(233, '', 65, 40, 0, '0'),
(241, '', 65, 40, 0, '0'),
(196, '', 57, 40, 0, '0'),
(204, '', 57, 40, 0, '0'),
(212, '', 57, 40, 0, '0'),
(222, '', 57, 40, 0, '0'),
(246, '', 57, 40, 0, '0'),
(323, 'E', 61, 41, 0, '0'),
(236, '', 61, 41, 0, '0'),
(244, '', 61, 41, 0, '0'),
(258, '', 61, 41, 0, '0'),
(264, '', 61, 41, 0, '0'),
(266, '', 61, 41, 0, '0'),
(272, '', 61, 41, 0, '0'),
(282, '', 61, 41, 0, '0'),
(286, '', 61, 41, 0, '0'),
(296, '', 61, 41, 0, '0'),
(312, 'A', 61, 41, 0, '0'),
(312, 'Condomínio', 61, 41, 0, '0'),
(324, 'Condomínio', 61, 41, 0, '0'),
(338, '', 61, 41, 0, '0'),
(340, '', 61, 41, 0, '0'),
(352, '', 61, 41, 0, '0'),
(362, '', 61, 41, 0, '0'),
(372, 'C', 61, 41, 0, '0'),
(380, '', 61, 41, 0, '0'),
(394, 'Condomínio', 61, 41, 0, '0'),
(400, 'B', 61, 41, 0, '0'),
(400, '', 61, 41, 0, '0'),
(410, '', 61, 41, 0, '0'),
(418, '', 61, 41, 0, '0'),
(428, '', 61, 41, 0, '0'),
(436, '', 61, 41, 0, '0'),
(436, 'F', 61, 41, 0, '0'),
(0, '', 61, 41, 0, '0'),
(211, '', 57, 41, 0, '211'),
(229, '', 57, 41, 0, '0'),
(235, '', 57, 41, 0, '0'),
(249, '', 57, 41, 0, '0'),
(261, '', 65, 41, 0, '0'),
(273, '', 65, 41, 0, '0'),
(273, 'C2', 65, 41, 0, '0'),
(285, '', 65, 41, 0, '0'),
(289, '', 65, 41, 0, '0'),
(295, '', 65, 41, 0, '0'),
(10, '', 66, 41, 0, '0'),
(14, '', 66, 41, 0, '0'),
(18, '', 66, 41, 0, '0'),
(26, '', 66, 41, 0, '0'),
(2, '', 67, 41, 0, '0'),
(14, '', 67, 41, 0, '0'),
(18, '', 67, 41, 0, '0'),
(34, '', 67, 41, 0, '0'),
(46, '', 67, 41, 0, '0'),
(58, 'Condomínio', 67, 41, 0, '0'),
(60, '', 67, 41, 0, '0'),
(64, '', 67, 41, 0, '0'),
(68, '', 67, 41, 0, '0'),
(72, '', 67, 41, 0, '0'),
(76, '', 67, 41, 0, '0'),
(80, '', 67, 41, 0, '0'),
(84, '', 67, 41, 0, '0'),
(96, '', 67, 41, 0, '0'),
(100, '', 67, 41, 0, '0'),
(138, '', 67, 41, 0, '0'),
(118, '', 59, 41, 0, '0'),
(118, 'A', 59, 41, 0, '0'),
(124, '', 59, 41, 0, '0'),
(128, '', 59, 41, 0, '0'),
(130, '', 59, 41, 0, '0'),
(138, '', 59, 41, 0, '0'),
(146, '', 59, 41, 0, '0'),
(158, '', 59, 41, 0, '0'),
(160, '', 59, 41, 0, '0'),
(476, 'Cortiço', 61, 42, 0, '0'),
(488, '', 61, 42, 0, '0'),
(504, 'C1', 61, 42, 0, '0'),
(504, 'C2', 61, 42, 0, '0'),
(506, 'F', 61, 42, 0, '0'),
(506, '', 61, 42, 0, '0'),
(0, '', 61, 42, 0, '0'),
(214, '', 52, 42, 0, '0'),
(216, '', 52, 42, 0, '0'),
(232, 'Restrito', 52, 42, 0, '0'),
(238, '', 52, 42, 0, '0'),
(256, '', 52, 42, 0, '0'),
(256, 'A', 52, 42, 0, '0'),
(258, '', 52, 42, 0, '0'),
(270, '', 52, 42, 0, '0'),
(272, '', 52, 42, 0, '0'),
(276, '', 52, 42, 0, '0'),
(280, '', 52, 42, 0, '0'),
(284, 'A', 52, 42, 0, '0'),
(284, '', 52, 42, 0, '0'),
(288, '', 52, 42, 0, '0'),
(292, '', 52, 42, 0, '0'),
(294, '', 52, 42, 0, '0'),
(298, '', 52, 42, 0, '0'),
(314, '', 52, 42, 0, '0'),
(316, '', 52, 42, 0, '0'),
(320, '', 52, 42, 0, '0'),
(326, '', 52, 42, 0, '0'),
(342, '', 52, 42, 0, '0'),
(348, '', 52, 42, 0, '0'),
(366, '', 52, 42, 0, '0'),
(372, '', 52, 42, 0, '0'),
(0, '', 52, 42, 0, '0'),
(23, '', 68, 42, 0, '0'),
(31, '', 68, 42, 0, '0'),
(33, '', 68, 42, 0, '0'),
(45, '', 68, 42, 0, '0'),
(51, '', 68, 42, 0, '0'),
(59, '', 68, 42, 0, '0'),
(63, '', 68, 42, 0, '63'),
(0, '', 68, 42, 0, '0'),
(11, 'A', 59, 42, 0, '0'),
(11, '', 59, 42, 0, '0'),
(115, '', 59, 42, 0, '0'),
(125, '', 59, 42, 0, '0'),
(135, '', 59, 42, 0, '0'),
(151, '', 59, 42, 0, '0'),
(155, '', 59, 42, 0, '0'),
(157, '', 59, 42, 0, '0'),
(165, '', 59, 42, 0, '0'),
(177, 'F', 59, 42, 0, '0'),
(177, '', 59, 42, 0, '0'),
(187, '', 59, 42, 0, '0'),
(191, '', 59, 42, 0, '0'),
(195, '', 59, 42, 0, '195'),
(199, '', 59, 42, 0, '0'),
(205, '', 59, 42, 0, '0'),
(209, 'Restrito', 59, 42, 0, '0'),
(0, '', 59, 42, 0, '0'),
(392, '', 52, 43, 0, '0'),
(410, '', 52, 43, 0, '0'),
(410, 'F', 52, 43, 0, '0'),
(414, 'F', 52, 43, 0, '0'),
(426, '', 52, 43, 0, '0'),
(434, '', 52, 43, 0, '0'),
(446, 'Restrito', 52, 43, 0, '0'),
(456, '', 52, 43, 0, '0'),
(468, 'Restrito', 52, 43, 0, '0'),
(476, '', 52, 43, 0, '0'),
(484, '', 52, 43, 0, '0'),
(494, '', 52, 43, 0, '0'),
(498, '', 52, 43, 0, '0'),
(504, '', 52, 43, 0, '0'),
(11, '', 69, 43, 0, '0'),
(23, '', 69, 43, 0, '0'),
(27, '', 69, 43, 0, '0'),
(35, '', 69, 43, 0, '0'),
(41, '', 69, 43, 0, '0'),
(51, '', 69, 43, 0, '0'),
(57, '', 69, 43, 0, '0'),
(63, '', 69, 43, 0, '63'),
(73, '', 69, 43, 0, '0'),
(81, 'A', 69, 43, 0, '0'),
(81, '', 69, 43, 0, '0'),
(91, '', 69, 43, 0, '0'),
(101, '', 69, 43, 0, '0'),
(111, '', 69, 43, 0, '0'),
(121, '', 69, 43, 0, '0'),
(42, '', 68, 43, 0, '0'),
(9, '', 66, 44, 0, '0'),
(29, '', 66, 44, 0, '0'),
(35, '', 66, 44, 0, '0'),
(39, '', 66, 44, 0, '0'),
(41, '', 66, 44, 0, '0'),
(43, '', 66, 44, 0, '0'),
(45, '', 66, 44, 0, '0'),
(49, '', 66, 44, 0, '0'),
(55, '', 66, 44, 0, '0'),
(57, '', 66, 44, 0, '0'),
(61, '', 66, 44, 0, '0'),
(67, '', 66, 44, 0, '0'),
(77, '', 66, 44, 0, '0'),
(77, 'F', 66, 44, 0, '0'),
(83, '', 66, 44, 0, '0'),
(101, '', 66, 44, 0, '0'),
(103, '', 66, 44, 0, '0'),
(121, '', 66, 44, 0, '0'),
(41, '', 70, 44, 0, '0'),
(47, '', 70, 44, 0, '0'),
(55, '', 70, 44, 0, '0'),
(0, '', 70, 44, 0, '0'),
(22, 'A', 69, 44, 0, '0'),
(28, '', 69, 44, 0, '0'),
(42, '', 69, 44, 0, '0'),
(52, '', 69, 44, 0, '0'),
(62, '', 69, 44, 0, '0'),
(72, '', 69, 44, 0, '0'),
(82, '', 69, 44, 0, '0'),
(82, 'A', 69, 44, 0, '0'),
(92, '', 69, 44, 0, '92'),
(100, '', 69, 44, 0, '0'),
(108, '', 69, 44, 0, '0'),
(108, '', 68, 44, 0, '0'),
(115, '', 68, 44, 0, '0'),
(115, 'A', 68, 44, 0, '0'),
(115, 'C', 68, 44, 0, '0'),
(118, '', 68, 44, 0, '0'),
(159, '', 68, 44, 0, '159'),
(72, 'Restrito', 65, 45, 0, '0'),
(178, '', 65, 45, 0, '0'),
(184, '', 65, 45, 0, '0'),
(194, '', 65, 45, 0, '0'),
(204, 'Restrito', 65, 45, 0, '0'),
(208, '', 65, 45, 0, '0'),
(218, '', 65, 45, 0, '0'),
(230, '', 65, 45, 0, '0'),
(238, '', 65, 45, 0, '0'),
(242, '', 65, 45, 0, '0'),
(272, '', 65, 45, 0, '0'),
(11, '', 71, 45, 0, '0'),
(19, '', 71, 45, 0, '0'),
(23, '', 71, 45, 0, '0'),
(27, '', 71, 45, 0, '0'),
(47, '', 71, 45, 0, '0'),
(55, '', 71, 45, 0, '0'),
(67, '', 71, 45, 0, '0'),
(0, '', 71, 45, 0, '0'),
(55, '', 66, 45, 0, '0'),
(70, '', 66, 45, 0, '0'),
(80, '', 66, 45, 0, '0'),
(90, '', 66, 45, 0, '0'),
(108, '', 66, 45, 0, '0'),
(116, '', 66, 45, 0, '0'),
(118, '', 66, 45, 0, '0'),
(126, '', 66, 45, 0, '0'),
(140, '', 66, 45, 0, '0'),
(148, '', 66, 45, 0, '0'),
(148, 'A', 66, 45, 0, '0'),
(160, '', 66, 45, 0, '0'),
(170, '', 66, 45, 0, '0'),
(178, '', 66, 45, 0, '0'),
(188, '', 66, 45, 0, '0'),
(198, '', 66, 45, 0, '0'),
(210, '', 66, 45, 0, '0'),
(218, '', 66, 45, 0, '0'),
(0, '', 66, 45, 0, '0'),
(141, '', 66, 46, 0, '0'),
(147, '', 66, 46, 0, '0'),
(149, '', 66, 46, 0, '0'),
(159, '', 66, 46, 0, '159'),
(169, '', 66, 46, 0, '0'),
(177, '', 66, 46, 0, '0'),
(189, '', 66, 46, 0, '0'),
(189, 'F', 66, 46, 0, '0'),
(199, '', 66, 46, 0, '0'),
(211, '', 66, 46, 0, '211'),
(219, '', 66, 46, 0, '219'),
(225, '', 66, 46, 0, '0'),
(229, '', 66, 46, 0, '0'),
(237, '', 66, 46, 0, '0'),
(243, '', 66, 46, 0, '0'),
(14, '', 70, 46, 0, '0'),
(22, '', 70, 46, 0, '0'),
(30, '', 70, 46, 0, '0'),
(38, '', 70, 46, 0, '0'),
(46, '', 70, 46, 0, '0'),
(138, '', 69, 46, 0, '0'),
(156, '', 69, 46, 0, '0'),
(168, '', 69, 46, 0, '0'),
(176, '', 69, 46, 0, '0'),
(182, '', 69, 46, 0, '0'),
(188, '', 69, 46, 0, '0'),
(204, '', 69, 46, 0, '0'),
(210, 'F', 69, 46, 0, '0'),
(210, '', 69, 46, 0, '0'),
(218, '', 69, 46, 0, '0'),
(224, '', 69, 46, 0, '0'),
(230, '', 69, 46, 0, '0'),
(244, '', 69, 46, 0, '0'),
(250, '', 69, 46, 0, '0'),
(0, '', 69, 46, 0, '0'),
(27, '', 72, 46, 0, '0'),
(29, '', 72, 46, 0, '0'),
(41, '', 72, 46, 0, '0'),
(41, 'A', 72, 46, 0, '0'),
(53, '', 72, 46, 0, '0'),
(139, 'A', 69, 47, 0, '0'),
(139, 'B', 69, 47, 0, '0'),
(149, '', 69, 47, 0, '0'),
(153, '', 69, 47, 0, '0'),
(163, '', 69, 47, 0, '0'),
(167, '', 69, 47, 0, '167'),
(167, 'F', 69, 47, 0, '167'),
(181, '', 69, 47, 0, '0'),
(189, 'Restrito', 69, 47, 0, '0'),
(197, 'Condomínio', 69, 47, 0, '0'),
(199, 'Condomínio', 69, 47, 0, '0'),
(209, '', 69, 47, 0, '0'),
(219, '', 69, 47, 0, '219'),
(229, '', 69, 47, 0, '0'),
(239, '', 69, 47, 0, '0'),
(239, 'F', 69, 47, 0, '0'),
(247, '', 69, 47, 0, '0'),
(99, '', 72, 47, 0, '0'),
(101, '', 72, 47, 0, '0'),
(540, '', 52, 47, 0, '0'),
(544, '', 52, 47, 0, '0'),
(552, '', 52, 47, 0, '0'),
(556, '', 52, 47, 0, '0'),
(564, '', 52, 47, 0, '0'),
(572, '', 52, 47, 0, '0'),
(578, 'Restrito', 52, 47, 0, '0'),
(586, '', 52, 47, 0, '0'),
(590, '', 52, 47, 0, '0'),
(594, '', 52, 47, 0, '0'),
(600, '', 52, 47, 0, '0'),
(600, 'A', 52, 47, 0, '0'),
(604, '', 52, 47, 0, '0'),
(614, '', 52, 47, 0, '0'),
(636, '', 52, 47, 0, '0'),
(0, '', 52, 47, 0, '0'),
(76, '', 70, 47, 0, '0'),
(130, '', 70, 47, 0, '0'),
(130, 'A', 70, 47, 0, '0'),
(267, '', 69, 48, 0, '0'),
(281, '', 69, 48, 0, '0'),
(283, '', 69, 48, 0, '0'),
(289, 'F', 69, 48, 0, '0'),
(289, '', 69, 48, 0, '0'),
(299, '', 69, 48, 0, '0'),
(313, '', 69, 48, 0, '0'),
(317, '', 69, 48, 0, '0'),
(323, '', 69, 48, 0, '0'),
(331, '', 69, 48, 0, '0'),
(333, '', 69, 48, 0, '0'),
(341, '', 69, 48, 0, '0'),
(349, '', 69, 48, 0, '0'),
(359, 'Cortiço', 69, 48, 0, '0'),
(369, '', 69, 48, 0, '0'),
(369, 'F', 69, 48, 0, '0'),
(377, '', 69, 48, 0, '0'),
(98, '', 72, 48, 0, '0'),
(116, '', 72, 48, 0, '0'),
(116, 'B', 72, 48, 0, '0'),
(656, '', 52, 48, 0, '0'),
(664, '', 52, 48, 0, '0'),
(674, '', 52, 48, 0, '0'),
(686, '', 52, 48, 0, '0'),
(694, '', 52, 48, 0, '0'),
(704, 'F', 52, 48, 0, '0'),
(704, '', 52, 48, 0, '0'),
(714, '', 52, 48, 0, '0'),
(722, 'Condomínio', 52, 48, 0, '0'),
(734, '', 52, 48, 0, '0'),
(738, '', 52, 48, 0, '0'),
(764, '', 52, 48, 0, '0'),
(75, '', 73, 48, 0, '0'),
(248, '', 66, 49, 0, '0'),
(252, '', 66, 49, 0, '0'),
(256, '', 66, 49, 0, '0'),
(260, '', 66, 49, 0, '0'),
(266, '', 66, 49, 0, '0'),
(269, '', 66, 49, 0, '0'),
(274, 'Cortiço', 66, 49, 0, '0'),
(298, '', 66, 49, 0, '0'),
(300, '', 66, 49, 0, '0'),
(302, '', 66, 49, 0, '0'),
(322, '', 66, 49, 0, '0'),
(18, '', 71, 49, 0, '0'),
(22, '', 71, 49, 0, '0'),
(26, '', 71, 49, 0, '0'),
(34, '', 71, 49, 0, '0'),
(38, '', 71, 49, 0, '0'),
(42, '', 71, 49, 0, '0'),
(54, '', 71, 49, 0, '0'),
(54, 'F', 71, 49, 0, '0'),
(66, '', 71, 49, 0, '0'),
(68, '', 71, 49, 0, '0'),
(82, '', 71, 49, 0, '0'),
(92, '', 71, 49, 0, '92'),
(100, '', 71, 49, 0, '0'),
(106, '', 71, 49, 0, '0'),
(108, '', 71, 49, 0, '0'),
(110, 'A', 71, 49, 0, '0'),
(110, '', 71, 49, 0, '0'),
(122, '', 71, 49, 0, '0'),
(126, '', 71, 49, 0, '0'),
(82, '', 65, 49, 0, '0'),
(92, '', 65, 49, 0, '92'),
(102, '', 65, 49, 0, '0'),
(108, '', 65, 49, 0, '0'),
(116, '', 65, 49, 0, '0'),
(126, '', 65, 49, 0, '0'),
(33, '', 74, 49, 0, '0'),
(35, '', 74, 49, 0, '0'),
(43, '', 74, 49, 0, '0'),
(53, '', 74, 49, 0, '0'),
(53, 'F', 74, 49, 0, '0'),
(63, '', 74, 49, 0, '63'),
(63, 'A', 74, 49, 0, '63'),
(71, '', 74, 49, 0, '0'),
(79, 'A', 74, 49, 0, '0'),
(79, 'B', 74, 49, 0, '0'),
(89, '', 74, 49, 0, '0'),
(99, '', 74, 49, 0, '0'),
(99, 'A', 74, 49, 0, '0'),
(109, '', 74, 49, 0, '0'),
(117, '', 74, 49, 0, '117'),
(123, '', 74, 49, 0, '0'),
(133, '', 74, 49, 0, '0'),
(141, '', 74, 49, 0, '0'),
(151, '', 74, 49, 0, '0'),
(153, '', 74, 49, 0, '0'),
(269, '', 66, 50, 0, '0'),
(271, '', 66, 50, 0, '0'),
(273, '', 66, 50, 0, '0'),
(283, '', 66, 50, 0, '0'),
(287, '', 66, 50, 0, '0'),
(297, '', 66, 50, 0, '0'),
(305, '', 66, 50, 0, '0'),
(313, '', 66, 50, 0, '0'),
(321, '', 66, 50, 0, '0'),
(331, '', 66, 50, 0, '0'),
(337, 'A', 66, 50, 0, '0'),
(361, '', 66, 50, 0, '0'),
(373, '', 66, 50, 0, '0'),
(389, '', 66, 50, 0, '0'),
(28, '', 72, 50, 0, '0'),
(32, '', 72, 50, 0, '0'),
(32, 'F', 72, 50, 0, '0'),
(54, '', 72, 50, 0, '0'),
(266, '', 69, 50, 0, '0'),
(276, '', 69, 50, 0, '0'),
(284, '', 69, 50, 0, '0'),
(298, '', 69, 50, 0, '0'),
(308, '', 69, 50, 0, '0'),
(322, '', 69, 50, 0, '0'),
(332, '', 69, 50, 0, '0'),
(342, '', 69, 50, 0, '0'),
(352, '', 69, 50, 0, '0'),
(360, '', 69, 50, 0, '0'),
(364, '', 69, 50, 0, '0'),
(0, '', 69, 50, 0, '0'),
(25, '', 73, 50, 0, '0'),
(0, '', 73, 50, 0, '0'),
(32, '', 74, 51, 0, '0'),
(38, '', 74, 51, 0, '0'),
(48, '', 74, 51, 0, '0'),
(54, '', 74, 51, 0, '0'),
(58, '', 74, 51, 0, '0'),
(64, '', 74, 51, 0, '0'),
(80, '', 74, 51, 0, '0'),
(90, '', 74, 51, 0, '0'),
(94, '', 74, 51, 0, '0'),
(94, 'F', 74, 51, 0, '0'),
(102, '', 74, 51, 0, '0'),
(108, '', 74, 51, 0, '0'),
(120, 'Restrito', 74, 51, 0, '0'),
(128, '', 74, 51, 0, '0'),
(140, '', 74, 51, 0, '0'),
(142, '', 74, 51, 0, '0'),
(148, '', 74, 51, 0, '0'),
(158, '', 74, 51, 0, '0'),
(168, '', 74, 51, 0, '0'),
(176, '', 74, 51, 0, '0'),
(176, 'F', 74, 51, 0, '0'),
(188, 'A', 74, 51, 0, '0'),
(188, '', 74, 51, 0, '0'),
(2, '', 65, 51, 0, '0'),
(28, '', 65, 51, 0, '0'),
(32, '', 65, 51, 0, '0'),
(48, '', 65, 51, 0, '0'),
(64, '', 65, 51, 0, '0'),
(79, '', 64, 51, 0, '0'),
(105, '', 64, 51, 0, '0'),
(115, 'Restrito', 64, 51, 0, '0'),
(123, '', 64, 51, 0, '0'),
(131, 'F', 64, 51, 0, '0'),
(131, '', 64, 51, 0, '0'),
(141, '', 64, 51, 0, '0'),
(153, '', 64, 51, 0, '0'),
(163, 'F', 64, 51, 0, '0'),
(163, '', 64, 51, 0, '0'),
(171, '', 64, 51, 0, '0'),
(171, 'C2', 64, 51, 0, '0'),
(179, '', 64, 51, 0, '0'),
(191, '', 64, 51, 0, '0'),
(191, 'F', 64, 51, 0, '0'),
(203, '', 64, 51, 0, '0'),
(209, '', 64, 51, 0, '0'),
(213, '', 64, 51, 0, '0'),
(219, '', 64, 51, 0, '219'),
(231, '', 64, 51, 0, '0'),
(233, '', 64, 51, 0, '0'),
(237, '', 64, 51, 0, '0'),
(245, '', 64, 51, 0, '0'),
(255, '', 64, 51, 0, '0'),
(587, '', 75, 51, 0, '0'),
(593, '', 75, 51, 0, '0'),
(603, '', 75, 51, 0, '0'),
(611, '', 75, 51, 0, '0'),
(615, '', 75, 51, 0, '0'),
(625, '', 75, 51, 0, '0'),
(627, '', 75, 51, 0, '0'),
(635, '', 75, 51, 0, '0'),
(221, '', 63, 52, 0, '0'),
(241, '', 63, 52, 0, '0'),
(189, '', 76, 52, 0, '0'),
(199, '', 76, 52, 0, '0'),
(209, '', 76, 52, 0, '0'),
(219, '', 76, 52, 0, '219'),
(225, '', 76, 52, 0, '0'),
(231, '', 76, 52, 0, '0'),
(235, '', 76, 52, 0, '0'),
(243, '', 76, 52, 0, '0'),
(251, '', 76, 52, 0, '0'),
(255, '', 76, 52, 0, '0'),
(261, '', 76, 52, 0, '0'),
(269, '', 76, 52, 0, '0'),
(279, '', 76, 52, 0, '0'),
(279, 'F Cortiço', 76, 52, 0, '0'),
(287, '', 76, 52, 0, '0'),
(299, '', 76, 52, 0, '0'),
(301, '', 76, 52, 0, '0'),
(313, 'F', 76, 52, 0, '0'),
(313, '', 76, 52, 0, '0'),
(319, '', 76, 52, 0, '0'),
(323, '', 76, 52, 0, '0'),
(327, '', 76, 52, 0, '0'),
(339, '', 76, 52, 0, '0'),
(343, '', 76, 52, 0, '0'),
(349, '', 76, 52, 0, '0'),
(353, '', 76, 52, 0, '0'),
(357, '', 76, 52, 0, '0'),
(369, '', 76, 52, 0, '0'),
(507, '', 75, 52, 0, '0'),
(513, '', 75, 52, 0, '0'),
(523, '', 75, 52, 0, '0'),
(529, '', 75, 52, 0, '0'),
(543, '', 75, 52, 0, '0'),
(547, '', 75, 52, 0, '0'),
(553, '', 76, 52, 0, '0'),
(557, '', 76, 52, 0, '0'),
(62, '', 64, 52, 0, '0'),
(82, '', 64, 52, 0, '0'),
(86, 'A', 64, 52, 0, '0'),
(86, 'B', 64, 52, 0, '0'),
(86, 'C', 64, 52, 0, '0'),
(98, '', 64, 52, 0, '0'),
(110, 'Restrito', 64, 52, 0, '0'),
(120, '', 64, 52, 0, '0'),
(130, '', 64, 52, 0, '0'),
(136, '', 64, 52, 0, '0'),
(146, '', 64, 52, 0, '0'),
(158, '', 64, 52, 0, '0'),
(166, '', 64, 52, 0, '0'),
(176, '', 64, 52, 0, '0'),
(192, '', 64, 52, 0, '0'),
(200, '', 64, 52, 0, '0'),
(206, '', 64, 52, 0, '0'),
(210, '', 64, 52, 0, '0'),
(220, '', 64, 52, 0, '0'),
(222, '', 64, 52, 0, '0'),
(226, '', 64, 52, 0, '0'),
(236, '', 64, 52, 0, '0'),
(246, '', 64, 52, 0, '0'),
(0, '', 64, 52, 0, '0'),
(382, '', 76, 53, 0, '0'),
(395, '', 76, 53, 0, '0'),
(405, '', 76, 53, 0, '0'),
(413, '', 76, 53, 0, '0'),
(417, '', 76, 53, 0, '0'),
(425, '', 76, 53, 0, '0'),
(435, '', 76, 53, 0, '0'),
(441, '', 76, 53, 0, '0'),
(449, '', 76, 53, 0, '0'),
(455, '', 76, 53, 0, '0'),
(461, '', 76, 53, 0, '0'),
(473, '', 76, 53, 0, '0'),
(483, '', 76, 53, 0, '0'),
(491, '', 76, 53, 0, '0'),
(509, 'A', 76, 53, 0, '0'),
(529, '', 76, 53, 0, '0'),
(535, 'A', 76, 53, 0, '0'),
(535, '', 76, 53, 0, '0'),
(545, '', 76, 53, 0, '0'),
(557, '', 76, 53, 0, '0'),
(565, '', 76, 53, 0, '0'),
(571, '', 76, 53, 0, '0'),
(573, '', 76, 53, 0, '0'),
(545, 'Cortiço', 63, 53, 0, '0'),
(887, '', 63, 53, 0, '0'),
(891, '', 63, 53, 0, '0'),
(899, '', 63, 53, 0, '0'),
(911, '', 63, 53, 0, '0'),
(923, '', 63, 53, 0, '0'),
(939, '', 63, 53, 0, '0'),
(945, '', 63, 53, 0, '0'),
(947, '', 63, 53, 0, '0'),
(0, '', 63, 53, 0, '0'),
(7, '', 77, 53, 0, '0'),
(20, '', 77, 53, 0, '0'),
(500, '', 64, 53, 0, '0'),
(524, '', 64, 53, 0, '0'),
(486, '', 64, 53, 0, '0'),
(482, '', 64, 53, 0, '0'),
(478, '', 64, 53, 0, '0'),
(474, '', 64, 53, 0, '0'),
(460, '', 64, 53, 0, '0'),
(452, '', 64, 53, 0, '0'),
(436, 'A', 64, 53, 0, '0'),
(463, 'F', 64, 53, 0, '0'),
(426, '', 64, 53, 0, '0'),
(422, '', 64, 53, 0, '0'),
(420, '', 64, 53, 0, '0'),
(416, '', 64, 53, 0, '0'),
(408, '', 64, 53, 0, '0'),
(398, '', 64, 53, 0, '0'),
(386, '', 64, 53, 0, '0'),
(377, '', 64, 53, 0, '0'),
(370, '', 64, 53, 0, '0'),
(354, '', 64, 53, 0, '0'),
(348, '', 64, 53, 0, '0'),
(336, '', 64, 53, 0, '0'),
(324, '', 64, 53, 0, '0'),
(316, '', 64, 53, 0, '0'),
(308, '', 64, 53, 0, '0'),
(298, '', 64, 53, 0, '0'),
(288, '', 64, 53, 0, '0'),
(282, '', 64, 53, 0, '0'),
(276, '', 64, 53, 0, '0'),
(556, '', 75, 53, 0, '0'),
(603, '', 75, 53, 0, '0'),
(0, '', 75, 53, 0, '0'),
(608, '', 75, 53, 0, '608'),
(420, '', 66, 54, 0, '0'),
(430, '', 66, 54, 0, '0'),
(440, '', 66, 54, 0, '0'),
(450, '', 66, 54, 0, '0'),
(460, '', 66, 54, 0, '0'),
(460, 'F', 66, 54, 0, '0'),
(470, '', 66, 54, 0, '0'),
(476, '', 66, 54, 0, '0'),
(478, '', 66, 54, 0, '0'),
(491, '', 66, 54, 0, '0'),
(0, '', 66, 54, 0, '0'),
(510, '', 66, 54, 0, '0'),
(520, 'Restrito', 66, 54, 0, '0'),
(524, '', 66, 54, 0, '0'),
(530, '', 66, 54, 0, '0'),
(534, '', 66, 54, 0, '0'),
(536, '', 66, 54, 0, '0'),
(544, '', 66, 54, 0, '0'),
(556, '', 66, 54, 0, '0'),
(558, '', 66, 54, 0, '0'),
(564, '', 66, 54, 0, '0'),
(566, '', 66, 54, 0, '0'),
(574, '', 66, 54, 0, '0'),
(49, '', 78, 54, 0, '0'),
(27, '', 78, 54, 0, '0'),
(25, '', 78, 54, 0, '0'),
(443, '', 64, 54, 0, '0'),
(435, '', 64, 54, 0, '0'),
(431, '', 64, 54, 0, '0'),
(427, '', 64, 54, 0, '0'),
(393, '', 64, 54, 0, '0'),
(355, '', 64, 54, 0, '0'),
(345, '', 64, 54, 0, '0'),
(335, '', 64, 54, 0, '0'),
(327, '', 64, 54, 0, '0'),
(315, '', 64, 54, 0, '0'),
(309, '', 64, 54, 0, '0'),
(305, '', 64, 54, 0, '0'),
(297, '', 64, 54, 0, '0'),
(289, '', 64, 54, 0, '0'),
(277, '', 64, 54, 0, '0'),
(830, '', 52, 55, 0, '0'),
(830, 'A', 52, 55, 0, '0'),
(844, '', 52, 55, 0, '0'),
(852, '', 52, 55, 0, '0'),
(864, '', 52, 55, 0, '0'),
(874, '', 52, 55, 0, '0'),
(525, '', 66, 55, 0, '0'),
(513, '', 66, 55, 0, '0'),
(510, '', 66, 55, 0, '0'),
(491, '', 66, 55, 0, '0'),
(461, '', 66, 55, 0, '0'),
(469, '', 66, 55, 0, '0'),
(421, '', 69, 55, 0, '0'),
(411, '', 69, 55, 0, '0'),
(46, '', 73, 55, 0, '0'),
(54, '', 73, 55, 0, '0'),
(60, '', 73, 55, 0, '0'),
(64, '', 73, 55, 0, '0'),
(88, '', 73, 55, 0, '0'),
(0, '', 73, 55, 0, '0'),
(100, '', 73, 55, 0, '0'),
(22, '', 78, 56, 0, '0'),
(26, '', 78, 56, 0, '0'),
(34, '', 78, 56, 0, '0'),
(30, '', 78, 56, 0, '0'),
(36, '', 78, 56, 0, '0'),
(32, '', 78, 56, 0, '0'),
(600, '', 66, 56, 0, '0'),
(608, '', 66, 56, 0, '608'),
(612, '', 66, 56, 0, '612'),
(614, '', 66, 56, 0, '0'),
(622, '', 66, 56, 0, '0'),
(632, 'A', 66, 56, 0, '0'),
(632, 'B', 66, 56, 0, '0'),
(632, 'C', 66, 56, 0, '0'),
(642, '', 66, 56, 0, '642'),
(650, '', 66, 56, 0, '0'),
(257, '', 77, 56, 0, '0'),
(251, 'A', 77, 56, 0, '0'),
(251, '', 77, 56, 0, '0'),
(253, '', 77, 56, 0, '0'),
(239, 'F', 77, 56, 0, '0'),
(239, '', 77, 56, 0, '0'),
(235, '', 77, 56, 0, '0'),
(229, '', 77, 56, 0, '0'),
(523, '', 64, 56, 0, '0'),
(513, '', 64, 56, 0, '0'),
(489, '', 64, 56, 0, '0'),
(481, '', 64, 56, 0, '0'),
(475, '', 64, 56, 0, '0'),
(473, '', 64, 56, 0, '0'),
(979, '', 63, 57, 0, '0'),
(985, '', 63, 57, 0, '0'),
(999, '', 63, 57, 0, '0'),
(1005, 'A', 63, 57, 0, '0'),
(1009, '', 63, 57, 0, '0'),
(1017, '', 63, 57, 0, '0'),
(1019, '', 63, 57, 0, '0'),
(1033, '', 63, 57, 0, '0'),
(1037, 'Cortiço', 63, 57, 0, '0'),
(1045, '', 63, 57, 0, '0'),
(1053, '', 63, 57, 0, '0'),
(1067, '', 63, 57, 0, '0'),
(13, '', 79, 57, 0, '0'),
(19, '', 79, 57, 0, '0'),
(29, '', 79, 57, 0, '0'),
(35, '', 79, 57, 0, '0'),
(55, '', 79, 57, 0, '0'),
(57, '', 79, 57, 0, '0'),
(65, '', 79, 57, 0, '0'),
(73, '', 79, 57, 0, '0'),
(81, '', 79, 57, 0, '0'),
(89, '', 79, 57, 0, '0'),
(792, '', 66, 57, 0, '0'),
(786, '', 66, 57, 0, '0'),
(776, '', 66, 57, 0, '0'),
(765, '', 66, 57, 0, '0'),
(750, '', 66, 57, 0, '0'),
(744, '', 66, 57, 0, '0'),
(732, '', 66, 57, 0, '0'),
(730, '', 66, 57, 0, '0'),
(728, '', 66, 57, 0, '0'),
(722, '', 66, 57, 0, '0'),
(716, '', 66, 57, 0, '0'),
(710, '', 66, 57, 0, '0'),
(274, '', 77, 57, 0, '0'),
(274, 'A', 77, 57, 0, '0'),
(272, '', 77, 57, 0, '0'),
(258, '', 77, 57, 0, '0'),
(252, '', 77, 57, 0, '0'),
(248, '', 77, 57, 0, '0'),
(244, '', 77, 57, 0, '0'),
(234, '', 77, 57, 0, '0'),
(234, 'F', 77, 57, 0, '0'),
(228, '', 77, 57, 0, '0'),
(214, '', 77, 57, 0, '0'),
(36, '', 79, 58, 0, '0'),
(36, 'A', 79, 58, 0, '0'),
(64, '', 79, 58, 0, '0'),
(72, '', 79, 58, 0, '0'),
(76, '', 79, 58, 0, '0'),
(80, '', 79, 58, 0, '0'),
(90, '', 79, 58, 0, '0'),
(1103, '', 63, 58, 0, '0'),
(0, '', 63, 58, 0, '0'),
(1093, '', 63, 58, 0, '0'),
(1089, '', 63, 58, 0, '0');

-- --------------------------------------------------------

--
-- Estrutura para tabela `relatorio`
--

CREATE TABLE `relatorio` (
  `id_territorio` int(10) NOT NULL,
  `data_ter` date NOT NULL,
  `nome_publicador` varchar(255) COLLATE utf8_unicode_ci NOT NULL,
  `obs` varchar(500) COLLATE utf8_unicode_ci NOT NULL
) ENGINE=InnoDB DEFAULT CHARSET=utf8 COLLATE=utf8_unicode_ci;

--
-- Despejando dados para a tabela `relatorio`
--

INSERT INTO `relatorio` (`id_territorio`, `data_ter`, `nome_publicador`, `obs`) VALUES
(58, '2023-03-05', 'Leonardo Andrade', ''),
(57, '2023-03-05', 'Leonardo Andrade', ''),
(58, '2023-03-05', 'Leonardo Andrade', ''),
(58, '2023-03-05', 'Leonardo Andrade', ''),
(58, '2023-03-05', 'Leonardo Andrade', ''),
(58, '2023-03-05', 'Leonardo Andrade', ''),
(54, '2023-03-06', 'Walter', ''),
(56, '2023-03-06', 'Walter ', ''),
(1, '2023-03-15', 'Leonardo', ''),
(1, '2023-03-15', 'Leonardo', ''),
(1, '2023-03-10', 'Gilberto', ''),
(10, '2023-03-15', 'Leonardo', ''),
(10, '2023-03-15', 'Leonardo', ''),
(1, '2023-03-15', 'Leonardo', ''),
(0, '0000-00-00', '', ''),
(1, '2023-03-15', 'Leonardo', '');

-- --------------------------------------------------------

--
-- Estrutura para tabela `rua`
--

CREATE TABLE `rua` (
  `id_rua` int(10) NOT NULL,
  `nome_rua` varchar(255) COLLATE utf8_unicode_ci NOT NULL
) ENGINE=InnoDB DEFAULT CHARSET=utf8 COLLATE=utf8_unicode_ci;

--
-- Despejando dados para a tabela `rua`
--

INSERT INTO `rua` (`id_rua`, `nome_rua`) VALUES
(1, 'Rua Sarumá'),
(2, 'Rua das Heras'),
(3, 'Av. José da Nóbrega Botelho'),
(4, 'Rua Joaquim Norberto de Brito'),
(5, 'Rua Esmeralda Mendes Policene'),
(9, 'Rua Prof. Jaci Monteiro'),
(14, 'Av. Francisco Falconi'),
(16, 'Rua Cabinda'),
(18, 'Rua Paramu'),
(19, 'Rua Verbenas'),
(20, 'Rua Tuberosas'),
(22, 'Rua Joaquim Pereira Pinto'),
(23, 'Rua João Vieira de Carvalho'),
(24, 'Rua Joaquim Moreira Dias'),
(25, 'Rua Joaquim de Moura e Lacerda'),
(26, 'Rua Helena Silva Teixeira'),
(27, 'Rua João Rodrigues Gago'),
(28, 'Rua do Tripuí'),
(29, 'Travessa Encarnação Romero Martins'),
(30, 'Rua Cândido da Silva'),
(31, 'Rua dos Rainúnculos'),
(32, 'Rua Alfazemas'),
(33, 'Rua Campanulas'),
(34, 'Rua Junquilhos'),
(35, 'Rua Baía Negra'),
(36, 'Rua Maria Tavares'),
(37, 'Rua Tamirim'),
(38, 'Rua José Jeraissati'),
(39, 'Rua Naschina'),
(40, 'Rua Iguará'),
(41, 'Rua Araviri'),
(42, 'Rua Jesus Álvares Cruz'),
(43, 'Rua Costa Barros'),
(44, 'Praça Coronel Mello Gaia'),
(45, 'Rua Hermeto Lima'),
(46, 'Rua Paratinquara'),
(47, 'Rua Matupiri'),
(48, 'Rua Três Pedras'),
(49, 'Rua Itaíra'),
(50, 'Rua Henrique Leonessa'),
(51, 'Rua Carovi'),
(52, 'Rua Barão de Tramandaí'),
(53, 'Rua Bispo Eugênio Demazemod'),
(54, 'Rua das Urzes'),
(55, 'Rua Ferri'),
(56, 'Rua Fernandes Sardinha'),
(57, 'Rua Nova Iguaçu'),
(58, 'Rua Morapena'),
(59, 'Rua Campo Belo'),
(60, 'Rua Chacoene'),
(61, 'Rua Maria do Carmo'),
(62, 'Rua Morapena'),
(63, 'Rua Dr. Vicente Giacaglini'),
(64, 'Rua Manderá'),
(65, 'Rua Marari'),
(66, 'Rua Barão de Itapoã'),
(67, 'Praça Belchior de Borba'),
(68, 'Rua Tapaji'),
(69, 'Rua Porto de Sabaúna'),
(70, 'Rua Francisco dos Santos'),
(71, 'Rua Sargento Mor Antônio Teixeira'),
(72, 'Rua Taicurê'),
(73, 'Rua Ilha Seca'),
(74, 'Rua Camaruri'),
(75, 'Rua Orlando'),
(76, 'Rua Savigni'),
(77, 'Rua Visconde de Alcântara'),
(78, 'Rua Nairu'),
(79, 'Rua Marquês de Santo Amaro');

-- --------------------------------------------------------

--
-- Estrutura para tabela `status`
--

CREATE TABLE `status` (
  `id_status` int(10) NOT NULL,
  `statusCasa` text COLLATE utf8_unicode_ci NOT NULL
) ENGINE=InnoDB DEFAULT CHARSET=utf8 COLLATE=utf8_unicode_ci;

-- --------------------------------------------------------

--
-- Estrutura para tabela `territorio`
--

CREATE TABLE `territorio` (
  `id_territorio` int(10) NOT NULL,
  `Publicador` varchar(255) COLLATE utf8_unicode_ci NOT NULL,
  `Feito` varchar(255) COLLATE utf8_unicode_ci NOT NULL,
  `data` varchar(10) COLLATE utf8_unicode_ci NOT NULL
) ENGINE=InnoDB DEFAULT CHARSET=utf8 COLLATE=utf8_unicode_ci;

--
-- Despejando dados para a tabela `territorio`
--

INSERT INTO `territorio` (`id_territorio`, `Publicador`, `Feito`, `data`) VALUES
(1, 'Leonardo Andrade', '', '2023-02-17'),
(2, 'Yara', '', '2023-02-24'),
(3, '', '', ''),
(4, '', '', ''),
(5, '', '', ''),
(6, '', '', '2023-03-03'),
(7, '', '', ''),
(8, '', '', ''),
(9, '', '', ''),
(10, '', '', ''),
(11, '', '', ''),
(12, '', '', ''),
(13, '', '', ''),
(14, '', '', ''),
(15, '', '', ''),
(16, '', '', ''),
(17, '', '', ''),
(18, '', '', ''),
(19, '', '', ''),
(20, '', '', ''),
(21, '', '', ''),
(22, '', '', ''),
(23, '', '', ''),
(24, '', '', ''),
(25, '', '', ''),
(26, '', '', ''),
(27, '', '', ''),
(28, '', '', ''),
(29, '', '', ''),
(30, '', '', ''),
(31, '', '', ''),
(32, '', '', ''),
(33, '', '', ''),
(34, '', '', ''),
(35, '', '', ''),
(36, '', '', ''),
(37, '', '', ''),
(38, '', '', ''),
(39, '', '', ''),
(40, '', '', ''),
(41, '', '', ''),
(42, '', '', ''),
(43, '', '', ''),
(44, '', '', ''),
(45, '', '', ''),
(46, '', '', ''),
(47, '', '', ''),
(48, '', '', ''),
(49, '', '', ''),
(50, '', '', ''),
(51, '', '', ''),
(52, '', '', ''),
(53, '', '', ''),
(54, '', '', ''),
(55, '', '', ''),
(56, '', '', ''),
(57, '', '', ''),
(58, '', '', '');

--
-- Índices para tabelas despejadas
--

--
-- Índices de tabela `rua`
--
ALTER TABLE `rua`
  ADD PRIMARY KEY (`id_rua`);

--
-- Índices de tabela `status`
--
ALTER TABLE `status`
  ADD PRIMARY KEY (`id_status`);

--
-- Índices de tabela `territorio`
--
ALTER TABLE `territorio`
  ADD PRIMARY KEY (`id_territorio`);

--
-- AUTO_INCREMENT para tabelas despejadas
--

--
-- AUTO_INCREMENT de tabela `rua`
--
ALTER TABLE `rua`
  MODIFY `id_rua` int(10) NOT NULL AUTO_INCREMENT, AUTO_INCREMENT=80;
COMMIT;

/*!40101 SET CHARACTER_SET_CLIENT=@OLD_CHARACTER_SET_CLIENT */;
/*!40101 SET CHARACTER_SET_RESULTS=@OLD_CHARACTER_SET_RESULTS */;
/*!40101 SET COLLATION_CONNECTION=@OLD_COLLATION_CONNECTION */;
